"State","report_date","yoy_pct_change","Country"
"Alabama",2020-03-17,-0.74,"United States"
"Alberta",2020-03-17,-0.89,"Canada"
"Arizona",2020-03-17,-0.77,"United States"
"Baja California Sur",2020-03-17,-0.42,"Mexico"
"British Columbia",2020-03-17,-0.92,"Canada"
"California",2020-03-17,-0.96,"United States"
"Colorado",2020-03-17,-0.98,"United States"
"Connecticut",2020-03-17,-1,"United States"
"District of Columbia",2020-03-17,-1,"United States"
"Florida",2020-03-17,-0.76,"United States"
"Georgia",2020-03-17,-0.88,"United States"
"Hawaii",2020-03-17,-0.47,"United States"
"Illinois",2020-03-17,-1,"United States"
"Indiana",2020-03-17,-0.96,"United States"
"Jalisco",2020-03-17,-0.73,"Mexico"
"Kansas",2020-03-17,-0.79,"United States"
"Kentucky",2020-03-17,-1,"United States"
"Louisiana",2020-03-17,-1,"United States"
"Maryland",2020-03-17,-1,"United States"
"Massachusetts",2020-03-17,-1,"United States"
"Mexico City",2020-03-17,-0.48,"Mexico"
"Michigan",2020-03-17,-1,"United States"
"Minnesota",2020-03-17,-0.98,"United States"
"Missouri",2020-03-17,-0.88,"United States"
"Nebraska",2020-03-17,-0.95,"United States"
"Nevada",2020-03-17,-0.94,"United States"
"New Jersey",2020-03-17,-1,"United States"
"New Mexico",2020-03-17,-0.79,"United States"
"New South Wales",2020-03-17,-0.57,"Australia"
"New York",2020-03-17,-0.88,"United States"
"North Carolina",2020-03-17,-0.93,"United States"
"Nuevo Leon",2020-03-17,-0.86,"Mexico"
"Ohio",2020-03-17,-1,"United States"
"Oklahoma",2020-03-17,-0.83,"United States"
"Ontario",2020-03-17,-1,"Canada"
"Oregon",2020-03-17,-0.99,"United States"
"Pennsylvania",2020-03-17,-1,"United States"
"Quebec",2020-03-17,-0.94,"Canada"
"Queensland",2020-03-17,-0.22,"Australia"
"Quintana Roo",2020-03-17,-0.45,"Mexico"
"Rhode Island",2020-03-17,-1,"United States"
"South Carolina",2020-03-17,-0.7,"United States"
"Tennessee",2020-03-17,-0.86,"United States"
"Texas",2020-03-17,-0.9,"United States"
"Utah",2020-03-17,-0.69,"United States"
"Victoria",2020-03-17,-0.43,"Australia"
"Virginia",2020-03-17,-0.9,"United States"
"Washington",2020-03-17,-1,"United States"
"Alabama",2020-03-16,-0.57,"United States"
"Alberta",2020-03-16,-0.65,"Canada"
"Arizona",2020-03-16,-0.54,"United States"
"Baja California Sur",2020-03-16,-0.33,"Mexico"
"British Columbia",2020-03-16,-0.54,"Canada"
"California",2020-03-16,-0.7,"United States"
"Colorado",2020-03-16,-0.66,"United States"
"Connecticut",2020-03-16,-0.55,"United States"
"District of Columbia",2020-03-16,-0.77,"United States"
"Florida",2020-03-16,-0.47,"United States"
"Georgia",2020-03-16,-0.66,"United States"
"Hawaii",2020-03-16,-0.31,"United States"
"Illinois",2020-03-16,-0.61,"United States"
"Indiana",2020-03-16,-0.67,"United States"
"Jalisco",2020-03-16,-0.57,"Mexico"
"Kansas",2020-03-16,-0.67,"United States"
"Kentucky",2020-03-16,-0.74,"United States"
"Louisiana",2020-03-16,-0.55,"United States"
"Maryland",2020-03-16,-0.71,"United States"
"Massachusetts",2020-03-16,-0.76,"United States"
"Mexico City",2020-03-16,-0.46,"Mexico"
"Michigan",2020-03-16,-0.78,"United States"
"Minnesota",2020-03-16,-0.72,"United States"
"Missouri",2020-03-16,-0.65,"United States"
"Nebraska",2020-03-16,-0.59,"United States"
"Nevada",2020-03-16,-0.69,"United States"
"New Jersey",2020-03-16,-0.72,"United States"
"New Mexico",2020-03-16,-0.47,"United States"
"New South Wales",2020-03-16,-0.32,"Australia"
"New York",2020-03-16,-0.58,"United States"
"North Carolina",2020-03-16,-0.75,"United States"
"Nuevo Leon",2020-03-16,-0.64,"Mexico"
"Ohio",2020-03-16,-1,"United States"
"Oklahoma",2020-03-16,-0.53,"United States"
"Ontario",2020-03-16,-0.66,"Canada"
"Oregon",2020-03-16,-0.61,"United States"
"Pennsylvania",2020-03-16,-0.68,"United States"
"Quebec",2020-03-16,-0.67,"Canada"
"Queensland",2020-03-16,-0.18,"Australia"
"Quintana Roo",2020-03-16,-0.31,"Mexico"
"Rhode Island",2020-03-16,-0.53,"United States"
"South Carolina",2020-03-16,-0.48,"United States"
"Tennessee",2020-03-16,-0.6,"United States"
"Texas",2020-03-16,-0.58,"United States"
"Utah",2020-03-16,-0.69,"United States"
"Victoria",2020-03-16,-0.35,"Australia"
"Virginia",2020-03-16,-0.65,"United States"
"Washington",2020-03-16,-0.7,"United States"
"Alabama",2020-03-15,-0.38,"United States"
"Alberta",2020-03-15,-0.49,"Canada"
"Arizona",2020-03-15,-0.37,"United States"
"Baja California Sur",2020-03-15,-0.29,"Mexico"
"British Columbia",2020-03-15,-0.38,"Canada"
"California",2020-03-15,-0.55,"United States"
"Colorado",2020-03-15,-0.52,"United States"
"Connecticut",2020-03-15,-0.57,"United States"
"District of Columbia",2020-03-15,-0.55,"United States"
"Florida",2020-03-15,-0.38,"United States"
"Georgia",2020-03-15,-0.47,"United States"
"Hawaii",2020-03-15,-0.26,"United States"
"Illinois",2020-03-15,-0.51,"United States"
"Indiana",2020-03-15,-0.51,"United States"
"Jalisco",2020-03-15,-0.38,"Mexico"
"Kansas",2020-03-15,-0.55,"United States"
"Kentucky",2020-03-15,-0.55,"United States"
"Louisiana",2020-03-15,-0.5,"United States"
"Maryland",2020-03-15,-0.67,"United States"
"Massachusetts",2020-03-15,-0.53,"United States"
"Mexico City",2020-03-15,-0.36,"Mexico"
"Michigan",2020-03-15,-0.54,"United States"
"Minnesota",2020-03-15,-0.51,"United States"
"Missouri",2020-03-15,-0.45,"United States"
"Nebraska",2020-03-15,-0.44,"United States"
"Nevada",2020-03-15,-0.37,"United States"
"New Jersey",2020-03-15,-0.56,"United States"
"New Mexico",2020-03-15,-0.44,"United States"
"New South Wales",2020-03-15,0,"Australia"
"New York",2020-03-15,-0.47,"United States"
"North Carolina",2020-03-15,-0.63,"United States"
"Nuevo Leon",2020-03-15,-0.57,"Mexico"
"Ohio",2020-03-15,-0.51,"United States"
"Oklahoma",2020-03-15,-0.31,"United States"
"Ontario",2020-03-15,-0.53,"Canada"
"Oregon",2020-03-15,-0.55,"United States"
"Pennsylvania",2020-03-15,-0.56,"United States"
"Quebec",2020-03-15,-0.46,"Canada"
"Queensland",2020-03-15,0.04,"Australia"
"Quintana Roo",2020-03-15,-0.22,"Mexico"
"Rhode Island",2020-03-15,-0.5,"United States"
"South Carolina",2020-03-15,-0.31,"United States"
"Tennessee",2020-03-15,-0.46,"United States"
"Texas",2020-03-15,-0.42,"United States"
"Utah",2020-03-15,-0.53,"United States"
"Victoria",2020-03-15,-0.28,"Australia"
"Virginia",2020-03-15,-0.5,"United States"
"Washington",2020-03-15,-0.57,"United States"
"Alabama",2020-03-14,-0.28,"United States"
"Alberta",2020-03-14,-0.44,"Canada"
"Arizona",2020-03-14,-0.24,"United States"
"Baja California Sur",2020-03-14,-0.34,"Mexico"
"British Columbia",2020-03-14,-0.3,"Canada"
"California",2020-03-14,-0.47,"United States"
"Colorado",2020-03-14,-0.45,"United States"
"Connecticut",2020-03-14,-0.58,"United States"
"District of Columbia",2020-03-14,-0.44,"United States"
"Florida",2020-03-14,-0.31,"United States"
"Georgia",2020-03-14,-0.36,"United States"
"Hawaii",2020-03-14,-0.19,"United States"
"Illinois",2020-03-14,-0.47,"United States"
"Indiana",2020-03-14,-0.48,"United States"
"Jalisco",2020-03-14,-0.2,"Mexico"
"Kansas",2020-03-14,-0.39,"United States"
"Kentucky",2020-03-14,-0.46,"United States"
"Louisiana",2020-03-14,-0.34,"United States"
"Maryland",2020-03-14,-0.59,"United States"
"Massachusetts",2020-03-14,-0.41,"United States"
"Mexico City",2020-03-14,-0.2,"Mexico"
"Michigan",2020-03-14,-0.49,"United States"
"Minnesota",2020-03-14,-0.43,"United States"
"Missouri",2020-03-14,-0.42,"United States"
"Nebraska",2020-03-14,-0.32,"United States"
"Nevada",2020-03-14,-0.4,"United States"
"New Jersey",2020-03-14,-0.44,"United States"
"New Mexico",2020-03-14,-0.4,"United States"
"New South Wales",2020-03-14,-0.09,"Australia"
"New York",2020-03-14,-0.36,"United States"
"North Carolina",2020-03-14,-0.56,"United States"
"Nuevo Leon",2020-03-14,-0.34,"Mexico"
"Ohio",2020-03-14,-0.51,"United States"
"Oklahoma",2020-03-14,-0.29,"United States"
"Ontario",2020-03-14,-0.48,"Canada"
"Oregon",2020-03-14,-0.47,"United States"
"Pennsylvania",2020-03-14,-0.51,"United States"
"Quebec",2020-03-14,-0.44,"Canada"
"Queensland",2020-03-14,-0.04,"Australia"
"Quintana Roo",2020-03-14,-0.19,"Mexico"
"Rhode Island",2020-03-14,-0.48,"United States"
"South Carolina",2020-03-14,-0.21,"United States"
"Tennessee",2020-03-14,-0.41,"United States"
"Texas",2020-03-14,-0.34,"United States"
"Utah",2020-03-14,-0.34,"United States"
"Victoria",2020-03-14,-0.19,"Australia"
"Virginia",2020-03-14,-0.39,"United States"
"Washington",2020-03-14,-0.54,"United States"
"Alabama",2020-03-13,-0.24,"United States"
"Alberta",2020-03-13,-0.43,"Canada"
"Arizona",2020-03-13,-0.26,"United States"
"Baja California Sur",2020-03-13,-0.23,"Mexico"
"British Columbia",2020-03-13,-0.3,"Canada"
"California",2020-03-13,-0.42,"United States"
"Colorado",2020-03-13,-0.41,"United States"
"Connecticut",2020-03-13,-0.5,"United States"
"District of Columbia",2020-03-13,-0.44,"United States"
"Florida",2020-03-13,-0.28,"United States"
"Georgia",2020-03-13,-0.34,"United States"
"Hawaii",2020-03-13,-0.14,"United States"
"Illinois",2020-03-13,-0.35,"United States"
"Indiana",2020-03-13,-0.34,"United States"
"Jalisco",2020-03-13,-0.17,"Mexico"
"Kansas",2020-03-13,-0.35,"United States"
"Kentucky",2020-03-13,-0.3,"United States"
"Louisiana",2020-03-13,-0.28,"United States"
"Maryland",2020-03-13,-0.37,"United States"
"Massachusetts",2020-03-13,-0.52,"United States"
"Mexico City",2020-03-13,-0.16,"Mexico"
"Michigan",2020-03-13,-0.43,"United States"
"Minnesota",2020-03-13,-0.3,"United States"
"Missouri",2020-03-13,-0.29,"United States"
"Nebraska",2020-03-13,-0.31,"United States"
"Nevada",2020-03-13,-0.31,"United States"
"New Jersey",2020-03-13,-0.4,"United States"
"New Mexico",2020-03-13,-0.35,"United States"
"New South Wales",2020-03-13,-0.06,"Australia"
"New York",2020-03-13,-0.54,"United States"
"North Carolina",2020-03-13,-0.28,"United States"
"Nuevo Leon",2020-03-13,-0.26,"Mexico"
"Ohio",2020-03-13,-0.37,"United States"
"Oklahoma",2020-03-13,-0.2,"United States"
"Ontario",2020-03-13,-0.45,"Canada"
"Oregon",2020-03-13,-0.4,"United States"
"Pennsylvania",2020-03-13,-0.44,"United States"
"Quebec",2020-03-13,-0.48,"Canada"
"Queensland",2020-03-13,0.09,"Australia"
"Quintana Roo",2020-03-13,-0.14,"Mexico"
"Rhode Island",2020-03-13,-0.41,"United States"
"South Carolina",2020-03-13,-0.19,"United States"
"Tennessee",2020-03-13,-0.34,"United States"
"Texas",2020-03-13,-0.35,"United States"
"Utah",2020-03-13,-0.28,"United States"
"Victoria",2020-03-13,-0.18,"Australia"
"Virginia",2020-03-13,-0.34,"United States"
"Washington",2020-03-13,-0.53,"United States"
"Alabama",2020-03-12,-0.02,"United States"
"Alberta",2020-03-12,-0.23,"Canada"
"Arizona",2020-03-12,-0.18,"United States"
"Baja California Sur",2020-03-12,-0.12,"Mexico"
"British Columbia",2020-03-12,-0.21,"Canada"
"California",2020-03-12,-0.38,"United States"
"Colorado",2020-03-12,-0.17,"United States"
"Connecticut",2020-03-12,-0.43,"United States"
"District of Columbia",2020-03-12,-0.38,"United States"
"Florida",2020-03-12,-0.23,"United States"
"Georgia",2020-03-12,-0.23,"United States"
"Hawaii",2020-03-12,-0.15,"United States"
"Illinois",2020-03-12,-0.26,"United States"
"Indiana",2020-03-12,-0.29,"United States"
"Jalisco",2020-03-12,-0.06,"Mexico"
"Kansas",2020-03-12,-0.01,"United States"
"Kentucky",2020-03-12,-0.26,"United States"
"Louisiana",2020-03-12,-0.23,"United States"
"Maryland",2020-03-12,-0.33,"United States"
"Massachusetts",2020-03-12,-0.41,"United States"
"Mexico City",2020-03-12,-0.16,"Mexico"
"Michigan",2020-03-12,-0.21,"United States"
"Minnesota",2020-03-12,-0.24,"United States"
"Missouri",2020-03-12,-0.25,"United States"
"Nebraska",2020-03-12,-0.02,"United States"
"Nevada",2020-03-12,-0.21,"United States"
"New Jersey",2020-03-12,-0.26,"United States"
"New Mexico",2020-03-12,-0.1,"United States"
"New South Wales",2020-03-12,-0.12,"Australia"
"New York",2020-03-12,-0.49,"United States"
"North Carolina",2020-03-12,-0.22,"United States"
"Nuevo Leon",2020-03-12,-0.2,"Mexico"
"Ohio",2020-03-12,-0.29,"United States"
"Oklahoma",2020-03-12,0.01,"United States"
"Ontario",2020-03-12,-0.35,"Canada"
"Oregon",2020-03-12,-0.33,"United States"
"Pennsylvania",2020-03-12,-0.35,"United States"
"Quebec",2020-03-12,-0.26,"Canada"
"Queensland",2020-03-12,-0.18,"Australia"
"Quintana Roo",2020-03-12,-0.16,"Mexico"
"Rhode Island",2020-03-12,-0.31,"United States"
"South Carolina",2020-03-12,-0.16,"United States"
"Tennessee",2020-03-12,-0.28,"United States"
"Texas",2020-03-12,-0.25,"United States"
"Utah",2020-03-12,-0.19,"United States"
"Victoria",2020-03-12,-0.08,"Australia"
"Virginia",2020-03-12,-0.34,"United States"
"Washington",2020-03-12,-0.45,"United States"
"Alabama",2020-03-11,-0.08,"United States"
"Alberta",2020-03-11,-0.08,"Canada"
"Arizona",2020-03-11,-0.2,"United States"
"Baja California Sur",2020-03-11,-0.17,"Mexico"
"British Columbia",2020-03-11,-0.13,"Canada"
"California",2020-03-11,-0.23,"United States"
"Colorado",2020-03-11,-0.08,"United States"
"Connecticut",2020-03-11,-0.2,"United States"
"District of Columbia",2020-03-11,-0.22,"United States"
"Florida",2020-03-11,-0.18,"United States"
"Georgia",2020-03-11,-0.17,"United States"
"Hawaii",2020-03-11,-0.11,"United States"
"Illinois",2020-03-11,-0.22,"United States"
"Indiana",2020-03-11,-0.16,"United States"
"Jalisco",2020-03-11,-0.02,"Mexico"
"Kansas",2020-03-11,-0.09,"United States"
"Kentucky",2020-03-11,-0.2,"United States"
"Louisiana",2020-03-11,-0.16,"United States"
"Maryland",2020-03-11,-0.21,"United States"
"Massachusetts",2020-03-11,-0.25,"United States"
"Mexico City",2020-03-11,-0.18,"Mexico"
"Michigan",2020-03-11,-0.18,"United States"
"Minnesota",2020-03-11,-0.18,"United States"
"Missouri",2020-03-11,-0.12,"United States"
"Nebraska",2020-03-11,-0.16,"United States"
"Nevada",2020-03-11,-0.12,"United States"
"New Jersey",2020-03-11,-0.14,"United States"
"New Mexico",2020-03-11,0.02,"United States"
"New South Wales",2020-03-11,-0.09,"Australia"
"New York",2020-03-11,-0.32,"United States"
"North Carolina",2020-03-11,-0.14,"United States"
"Nuevo Leon",2020-03-11,-0.15,"Mexico"
"Ohio",2020-03-11,-0.19,"United States"
"Oklahoma",2020-03-11,-0.07,"United States"
"Ontario",2020-03-11,-0.25,"Canada"
"Oregon",2020-03-11,-0.22,"United States"
"Pennsylvania",2020-03-11,-0.17,"United States"
"Quebec",2020-03-11,-0.2,"Canada"
"Queensland",2020-03-11,-0.03,"Australia"
"Quintana Roo",2020-03-11,-0.17,"Mexico"
"Rhode Island",2020-03-11,-0.15,"United States"
"South Carolina",2020-03-11,-0.07,"United States"
"Tennessee",2020-03-11,-0.22,"United States"
"Texas",2020-03-11,-0.14,"United States"
"Utah",2020-03-11,-0.11,"United States"
"Victoria",2020-03-11,-0.14,"Australia"
"Virginia",2020-03-11,-0.23,"United States"
"Washington",2020-03-11,-0.41,"United States"
"Alabama",2020-03-10,-0.26,"United States"
"Alberta",2020-03-10,-0.1,"Canada"
"Arizona",2020-03-10,-0.14,"United States"
"Baja California Sur",2020-03-10,-0.2,"Mexico"
"British Columbia",2020-03-10,-0.15,"Canada"
"California",2020-03-10,-0.27,"United States"
"Colorado",2020-03-10,-0.17,"United States"
"Connecticut",2020-03-10,-0.2,"United States"
"District of Columbia",2020-03-10,-0.18,"United States"
"Florida",2020-03-10,-0.18,"United States"
"Georgia",2020-03-10,-0.15,"United States"
"Hawaii",2020-03-10,-0.1,"United States"
"Illinois",2020-03-10,-0.18,"United States"
"Indiana",2020-03-10,-0.11,"United States"
"Jalisco",2020-03-10,-0.19,"Mexico"
"Kansas",2020-03-10,-0.06,"United States"
"Kentucky",2020-03-10,-0.21,"United States"
"Louisiana",2020-03-10,-0.13,"United States"
"Maryland",2020-03-10,-0.18,"United States"
"Massachusetts",2020-03-10,-0.22,"United States"
"Mexico City",2020-03-10,-0.17,"Mexico"
"Michigan",2020-03-10,-0.1,"United States"
"Minnesota",2020-03-10,-0.12,"United States"
"Missouri",2020-03-10,-0.1,"United States"
"Nebraska",2020-03-10,-0.11,"United States"
"Nevada",2020-03-10,-0.18,"United States"
"New Jersey",2020-03-10,-0.04,"United States"
"New Mexico",2020-03-10,0.07,"United States"
"New South Wales",2020-03-10,0.03,"Australia"
"New York",2020-03-10,-0.27,"United States"
"North Carolina",2020-03-10,-0.09,"United States"
"Nuevo Leon",2020-03-10,-0.04,"Mexico"
"Ohio",2020-03-10,-0.19,"United States"
"Oklahoma",2020-03-10,-0.04,"United States"
"Ontario",2020-03-10,-0.23,"Canada"
"Oregon",2020-03-10,-0.13,"United States"
"Pennsylvania",2020-03-10,-0.18,"United States"
"Quebec",2020-03-10,-0.12,"Canada"
"Queensland",2020-03-10,0,"Australia"
"Quintana Roo",2020-03-10,-0.25,"Mexico"
"Rhode Island",2020-03-10,-0.16,"United States"
"South Carolina",2020-03-10,-0.14,"United States"
"Tennessee",2020-03-10,-0.16,"United States"
"Texas",2020-03-10,-0.14,"United States"
"Utah",2020-03-10,-0.19,"United States"
"Victoria",2020-03-10,-0.09,"Australia"
"Virginia",2020-03-10,-0.13,"United States"
"Washington",2020-03-10,-0.38,"United States"
"Alabama",2020-03-09,-0.11,"United States"
"Alberta",2020-03-09,-0.13,"Canada"
"Arizona",2020-03-09,-0.07,"United States"
"Baja California Sur",2020-03-09,-0.17,"Mexico"
"British Columbia",2020-03-09,-0.03,"Canada"
"California",2020-03-09,-0.18,"United States"
"Colorado",2020-03-09,-0.13,"United States"
"Connecticut",2020-03-09,-0.12,"United States"
"District of Columbia",2020-03-09,-0.1,"United States"
"Florida",2020-03-09,-0.18,"United States"
"Georgia",2020-03-09,-0.04,"United States"
"Hawaii",2020-03-09,-0.08,"United States"
"Illinois",2020-03-09,-0.21,"United States"
"Indiana",2020-03-09,-0.17,"United States"
"Jalisco",2020-03-09,-0.23,"Mexico"
"Kansas",2020-03-09,-0.21,"United States"
"Kentucky",2020-03-09,-0.17,"United States"
"Louisiana",2020-03-09,-0.08,"United States"
"Maryland",2020-03-09,-0.06,"United States"
"Massachusetts",2020-03-09,-0.13,"United States"
"Mexico City",2020-03-09,-0.29,"Mexico"
"Michigan",2020-03-09,-0.14,"United States"
"Minnesota",2020-03-09,-0.17,"United States"
"Missouri",2020-03-09,-0.13,"United States"
"Nebraska",2020-03-09,-0.34,"United States"
"Nevada",2020-03-09,-0.11,"United States"
"New Jersey",2020-03-09,0.12,"United States"
"New Mexico",2020-03-09,0,"United States"
"New South Wales",2020-03-09,-0.16,"Australia"
"New York",2020-03-09,-0.15,"United States"
"North Carolina",2020-03-09,-0.04,"United States"
"Nuevo Leon",2020-03-09,-0.16,"Mexico"
"Ohio",2020-03-09,-0.19,"United States"
"Oklahoma",2020-03-09,0,"United States"
"Ontario",2020-03-09,-0.2,"Canada"
"Oregon",2020-03-09,-0.15,"United States"
"Pennsylvania",2020-03-09,-0.07,"United States"
"Quebec",2020-03-09,-0.04,"Canada"
"Queensland",2020-03-09,-0.06,"Australia"
"Quintana Roo",2020-03-09,-0.11,"Mexico"
"Rhode Island",2020-03-09,0.17,"United States"
"South Carolina",2020-03-09,-0.07,"United States"
"Tennessee",2020-03-09,-0.17,"United States"
"Texas",2020-03-09,-0.21,"United States"
"Utah",2020-03-09,-0.18,"United States"
"Victoria",2020-03-09,-0.11,"Australia"
"Virginia",2020-03-09,-0.04,"United States"
"Washington",2020-03-09,-0.3,"United States"
"Alabama",2020-03-08,-0.1,"United States"
"Alberta",2020-03-08,-0.07,"Canada"
"Arizona",2020-03-08,-0.03,"United States"
"Baja California Sur",2020-03-08,-0.11,"Mexico"
"British Columbia",2020-03-08,-0.06,"Canada"
"California",2020-03-08,-0.05,"United States"
"Colorado",2020-03-08,-0.06,"United States"
"Connecticut",2020-03-08,0,"United States"
"District of Columbia",2020-03-08,0,"United States"
"Florida",2020-03-08,-0.05,"United States"
"Georgia",2020-03-08,0.07,"United States"
"Hawaii",2020-03-08,-0.09,"United States"
"Illinois",2020-03-08,0.04,"United States"
"Indiana",2020-03-08,0.04,"United States"
"Jalisco",2020-03-08,-0.04,"Mexico"
"Kansas",2020-03-08,-0.09,"United States"
"Kentucky",2020-03-08,0.03,"United States"
"Louisiana",2020-03-08,-0.02,"United States"
"Maryland",2020-03-08,-0.01,"United States"
"Massachusetts",2020-03-08,0.13,"United States"
"Mexico City",2020-03-08,-0.1,"Mexico"
"Michigan",2020-03-08,0.01,"United States"
"Minnesota",2020-03-08,0.13,"United States"
"Missouri",2020-03-08,-0.1,"United States"
"Nebraska",2020-03-08,-0.04,"United States"
"Nevada",2020-03-08,-0.07,"United States"
"New Jersey",2020-03-08,0.1,"United States"
"New Mexico",2020-03-08,-0.21,"United States"
"New South Wales",2020-03-08,0,"Australia"
"New York",2020-03-08,-0.02,"United States"
"North Carolina",2020-03-08,-0.07,"United States"
"Nuevo Leon",2020-03-08,-0.04,"Mexico"
"Ohio",2020-03-08,-0.06,"United States"
"Oklahoma",2020-03-08,-0.1,"United States"
"Ontario",2020-03-08,0,"Canada"
"Oregon",2020-03-08,0,"United States"
"Pennsylvania",2020-03-08,0.02,"United States"
"Quebec",2020-03-08,0.34,"Canada"
"Queensland",2020-03-08,-0.03,"Australia"
"Quintana Roo",2020-03-08,-0.05,"Mexico"
"Rhode Island",2020-03-08,0.26,"United States"
"South Carolina",2020-03-08,-0.05,"United States"
"Tennessee",2020-03-08,-0.07,"United States"
"Texas",2020-03-08,-0.05,"United States"
"Utah",2020-03-08,-0.13,"United States"
"Victoria",2020-03-08,-0.08,"Australia"
"Virginia",2020-03-08,0.03,"United States"
"Washington",2020-03-08,-0.22,"United States"
"Alabama",2020-03-07,0.11,"United States"
"Alberta",2020-03-07,-0.16,"Canada"
"Arizona",2020-03-07,-0.02,"United States"
"Baja California Sur",2020-03-07,-0.08,"Mexico"
"British Columbia",2020-03-07,-0.11,"Canada"
"California",2020-03-07,-0.05,"United States"
"Colorado",2020-03-07,-0.1,"United States"
"Connecticut",2020-03-07,-0.08,"United States"
"District of Columbia",2020-03-07,0,"United States"
"Florida",2020-03-07,-0.02,"United States"
"Georgia",2020-03-07,-0.02,"United States"
"Hawaii",2020-03-07,-0.06,"United States"
"Illinois",2020-03-07,0.04,"United States"
"Indiana",2020-03-07,0.04,"United States"
"Jalisco",2020-03-07,-0.02,"Mexico"
"Kansas",2020-03-07,-0.08,"United States"
"Kentucky",2020-03-07,0.01,"United States"
"Louisiana",2020-03-07,0.05,"United States"
"Maryland",2020-03-07,-0.02,"United States"
"Massachusetts",2020-03-07,-0.05,"United States"
"Mexico City",2020-03-07,-0.01,"Mexico"
"Michigan",2020-03-07,0.06,"United States"
"Minnesota",2020-03-07,0.59,"United States"
"Missouri",2020-03-07,-0.05,"United States"
"Nebraska",2020-03-07,-0.1,"United States"
"Nevada",2020-03-07,-0.06,"United States"
"New Jersey",2020-03-07,-0.06,"United States"
"New Mexico",2020-03-07,-0.1,"United States"
"New South Wales",2020-03-07,0.05,"Australia"
"New York",2020-03-07,-0.1,"United States"
"North Carolina",2020-03-07,-0.02,"United States"
"Nuevo Leon",2020-03-07,0.14,"Mexico"
"Ohio",2020-03-07,-0.06,"United States"
"Oklahoma",2020-03-07,0,"United States"
"Ontario",2020-03-07,-0.07,"Canada"
"Oregon",2020-03-07,-0.07,"United States"
"Pennsylvania",2020-03-07,-0.03,"United States"
"Quebec",2020-03-07,0.06,"Canada"
"Queensland",2020-03-07,-0.07,"Australia"
"Quintana Roo",2020-03-07,-0.08,"Mexico"
"Rhode Island",2020-03-07,-0.07,"United States"
"South Carolina",2020-03-07,0.03,"United States"
"Tennessee",2020-03-07,0.02,"United States"
"Texas",2020-03-07,-0.03,"United States"
"Utah",2020-03-07,0,"United States"
"Victoria",2020-03-07,-0.1,"Australia"
"Virginia",2020-03-07,0.02,"United States"
"Washington",2020-03-07,-0.27,"United States"
"Alabama",2020-03-06,-0.03,"United States"
"Alberta",2020-03-06,0.01,"Canada"
"Arizona",2020-03-06,-0.03,"United States"
"Baja California Sur",2020-03-06,-0.08,"Mexico"
"British Columbia",2020-03-06,-0.06,"Canada"
"California",2020-03-06,-0.08,"United States"
"Colorado",2020-03-06,-0.08,"United States"
"Connecticut",2020-03-06,-0.08,"United States"
"District of Columbia",2020-03-06,-0.06,"United States"
"Florida",2020-03-06,-0.05,"United States"
"Georgia",2020-03-06,-0.03,"United States"
"Hawaii",2020-03-06,-0.08,"United States"
"Illinois",2020-03-06,-0.07,"United States"
"Indiana",2020-03-06,0.01,"United States"
"Jalisco",2020-03-06,-0.12,"Mexico"
"Kansas",2020-03-06,-0.1,"United States"
"Kentucky",2020-03-06,-0.03,"United States"
"Louisiana",2020-03-06,0.05,"United States"
"Maryland",2020-03-06,0.02,"United States"
"Massachusetts",2020-03-06,-0.06,"United States"
"Mexico City",2020-03-06,-0.08,"Mexico"
"Michigan",2020-03-06,-0.09,"United States"
"Minnesota",2020-03-06,-0.12,"United States"
"Missouri",2020-03-06,0,"United States"
"Nebraska",2020-03-06,-0.18,"United States"
"Nevada",2020-03-06,-0.06,"United States"
"New Jersey",2020-03-06,-0.16,"United States"
"New Mexico",2020-03-06,-0.02,"United States"
"New South Wales",2020-03-06,-0.02,"Australia"
"New York",2020-03-06,-0.14,"United States"
"North Carolina",2020-03-06,-0.01,"United States"
"Nuevo Leon",2020-03-06,-0.02,"Mexico"
"Ohio",2020-03-06,-0.13,"United States"
"Oklahoma",2020-03-06,0.02,"United States"
"Ontario",2020-03-06,-0.14,"Canada"
"Oregon",2020-03-06,-0.04,"United States"
"Pennsylvania",2020-03-06,-0.09,"United States"
"Quebec",2020-03-06,-0.08,"Canada"
"Queensland",2020-03-06,-0.03,"Australia"
"Quintana Roo",2020-03-06,-0.04,"Mexico"
"Rhode Island",2020-03-06,-0.02,"United States"
"South Carolina",2020-03-06,0.03,"United States"
"Tennessee",2020-03-06,-0.01,"United States"
"Texas",2020-03-06,0.02,"United States"
"Utah",2020-03-06,0.08,"United States"
"Victoria",2020-03-06,-0.13,"Australia"
"Virginia",2020-03-06,0.05,"United States"
"Washington",2020-03-06,-0.24,"United States"
"Alabama",2020-03-05,-0.15,"United States"
"Alberta",2020-03-05,-0.08,"Canada"
"Arizona",2020-03-05,-0.04,"United States"
"Baja California Sur",2020-03-05,0,"Mexico"
"British Columbia",2020-03-05,-0.06,"Canada"
"California",2020-03-05,-0.1,"United States"
"Colorado",2020-03-05,-0.04,"United States"
"Connecticut",2020-03-05,-0.07,"United States"
"District of Columbia",2020-03-05,-0.05,"United States"
"Florida",2020-03-05,-0.07,"United States"
"Georgia",2020-03-05,-0.12,"United States"
"Hawaii",2020-03-05,-0.05,"United States"
"Illinois",2020-03-05,-0.05,"United States"
"Indiana",2020-03-05,0.05,"United States"
"Jalisco",2020-03-05,-0.13,"Mexico"
"Kansas",2020-03-05,-0.1,"United States"
"Kentucky",2020-03-05,0.04,"United States"
"Louisiana",2020-03-05,0.06,"United States"
"Maryland",2020-03-05,-0.05,"United States"
"Massachusetts",2020-03-05,0.04,"United States"
"Mexico City",2020-03-05,-0.09,"Mexico"
"Michigan",2020-03-05,-0.04,"United States"
"Minnesota",2020-03-05,-0.17,"United States"
"Missouri",2020-03-05,0.04,"United States"
"Nebraska",2020-03-05,-0.01,"United States"
"Nevada",2020-03-05,-0.1,"United States"
"New Jersey",2020-03-05,-0.04,"United States"
"New Mexico",2020-03-05,-0.19,"United States"
"New South Wales",2020-03-05,-0.09,"Australia"
"New York",2020-03-05,-0.08,"United States"
"North Carolina",2020-03-05,-0.07,"United States"
"Nuevo Leon",2020-03-05,0,"Mexico"
"Ohio",2020-03-05,-0.08,"United States"
"Oklahoma",2020-03-05,0.03,"United States"
"Ontario",2020-03-05,-0.02,"Canada"
"Oregon",2020-03-05,-0.03,"United States"
"Pennsylvania",2020-03-05,0.02,"United States"
"Quebec",2020-03-05,-0.03,"Canada"
"Queensland",2020-03-05,-0.05,"Australia"
"Quintana Roo",2020-03-05,0.02,"Mexico"
"Rhode Island",2020-03-05,-0.12,"United States"
"South Carolina",2020-03-05,-0.07,"United States"
"Tennessee",2020-03-05,-0.04,"United States"
"Texas",2020-03-05,0.01,"United States"
"Utah",2020-03-05,-0.03,"United States"
"Victoria",2020-03-05,-0.12,"Australia"
"Virginia",2020-03-05,-0.02,"United States"
"Washington",2020-03-05,-0.22,"United States"
"Alabama",2020-03-04,-0.23,"United States"
"Alberta",2020-03-04,-0.01,"Canada"
"Arizona",2020-03-04,0,"United States"
"Baja California Sur",2020-03-04,0,"Mexico"
"British Columbia",2020-03-04,-0.04,"Canada"
"California",2020-03-04,-0.03,"United States"
"Colorado",2020-03-04,-0.06,"United States"
"Connecticut",2020-03-04,-0.06,"United States"
"District of Columbia",2020-03-04,0.07,"United States"
"Florida",2020-03-04,-0.08,"United States"
"Georgia",2020-03-04,-0.17,"United States"
"Hawaii",2020-03-04,-0.04,"United States"
"Illinois",2020-03-04,-0.03,"United States"
"Indiana",2020-03-04,0.03,"United States"
"Jalisco",2020-03-04,-0.23,"Mexico"
"Kansas",2020-03-04,-0.08,"United States"
"Kentucky",2020-03-04,-0.06,"United States"
"Louisiana",2020-03-04,-0.25,"United States"
"Maryland",2020-03-04,0.11,"United States"
"Massachusetts",2020-03-04,-0.05,"United States"
"Mexico City",2020-03-04,-0.04,"Mexico"
"Michigan",2020-03-04,-0.01,"United States"
"Minnesota",2020-03-04,-0.03,"United States"
"Missouri",2020-03-04,-0.03,"United States"
"Nebraska",2020-03-04,0.01,"United States"
"Nevada",2020-03-04,-0.11,"United States"
"New Jersey",2020-03-04,-0.02,"United States"
"New Mexico",2020-03-04,-0.12,"United States"
"New South Wales",2020-03-04,-0.16,"Australia"
"New York",2020-03-04,-0.09,"United States"
"North Carolina",2020-03-04,-0.04,"United States"
"Nuevo Leon",2020-03-04,0.03,"Mexico"
"Ohio",2020-03-04,-0.06,"United States"
"Oklahoma",2020-03-04,0,"United States"
"Ontario",2020-03-04,-0.01,"Canada"
"Oregon",2020-03-04,-0.03,"United States"
"Pennsylvania",2020-03-04,0,"United States"
"Quebec",2020-03-04,0.05,"Canada"
"Queensland",2020-03-04,-0.02,"Australia"
"Quintana Roo",2020-03-04,-0.17,"Mexico"
"Rhode Island",2020-03-04,0.07,"United States"
"South Carolina",2020-03-04,-0.07,"United States"
"Tennessee",2020-03-04,-0.01,"United States"
"Texas",2020-03-04,-0.08,"United States"
"Utah",2020-03-04,-0.05,"United States"
"Victoria",2020-03-04,-0.17,"Australia"
"Virginia",2020-03-04,-0.01,"United States"
"Washington",2020-03-04,-0.17,"United States"
"Alabama",2020-03-03,-0.29,"United States"
"Alberta",2020-03-03,-0.04,"Canada"
"Arizona",2020-03-03,-0.1,"United States"
"Baja California Sur",2020-03-03,-0.17,"Mexico"
"British Columbia",2020-03-03,-0.07,"Canada"
"California",2020-03-03,-0.04,"United States"
"Colorado",2020-03-03,-0.06,"United States"
"Connecticut",2020-03-03,-0.09,"United States"
"District of Columbia",2020-03-03,-0.09,"United States"
"Florida",2020-03-03,-0.1,"United States"
"Georgia",2020-03-03,-0.21,"United States"
"Hawaii",2020-03-03,-0.05,"United States"
"Illinois",2020-03-03,-0.12,"United States"
"Indiana",2020-03-03,-0.03,"United States"
"Jalisco",2020-03-03,-0.15,"Mexico"
"Kansas",2020-03-03,-0.14,"United States"
"Kentucky",2020-03-03,0,"United States"
"Louisiana",2020-03-03,-0.53,"United States"
"Maryland",2020-03-03,-0.04,"United States"
"Massachusetts",2020-03-03,-0.04,"United States"
"Mexico City",2020-03-03,-0.09,"Mexico"
"Michigan",2020-03-03,-0.13,"United States"
"Minnesota",2020-03-03,-0.02,"United States"
"Missouri",2020-03-03,0,"United States"
"Nebraska",2020-03-03,-0.14,"United States"
"Nevada",2020-03-03,-0.27,"United States"
"New Jersey",2020-03-03,-0.12,"United States"
"New Mexico",2020-03-03,-0.07,"United States"
"New South Wales",2020-03-03,-0.11,"Australia"
"New York",2020-03-03,-0.11,"United States"
"North Carolina",2020-03-03,-0.09,"United States"
"Nuevo Leon",2020-03-03,0.08,"Mexico"
"Ohio",2020-03-03,-0.1,"United States"
"Oklahoma",2020-03-03,0.05,"United States"
"Ontario",2020-03-03,-0.06,"Canada"
"Oregon",2020-03-03,-0.08,"United States"
"Pennsylvania",2020-03-03,-0.06,"United States"
"Quebec",2020-03-03,-0.16,"Canada"
"Queensland",2020-03-03,-0.01,"Australia"
"Quintana Roo",2020-03-03,-0.16,"Mexico"
"Rhode Island",2020-03-03,-0.01,"United States"
"South Carolina",2020-03-03,-0.08,"United States"
"Tennessee",2020-03-03,-0.16,"United States"
"Texas",2020-03-03,-0.09,"United States"
"Utah",2020-03-03,-0.06,"United States"
"Victoria",2020-03-03,-0.04,"Australia"
"Virginia",2020-03-03,-0.01,"United States"
"Washington",2020-03-03,-0.21,"United States"
"Alabama",2020-03-02,-0.32,"United States"
"Alberta",2020-03-02,-0.1,"Canada"
"Arizona",2020-03-02,-0.07,"United States"
"Baja California Sur",2020-03-02,0.03,"Mexico"
"British Columbia",2020-03-02,-0.11,"Canada"
"California",2020-03-02,-0.06,"United States"
"Colorado",2020-03-02,-0.01,"United States"
"Connecticut",2020-03-02,0.13,"United States"
"District of Columbia",2020-03-02,0,"United States"
"Florida",2020-03-02,-0.1,"United States"
"Georgia",2020-03-02,-0.12,"United States"
"Hawaii",2020-03-02,-0.02,"United States"
"Illinois",2020-03-02,-0.13,"United States"
"Indiana",2020-03-02,0.01,"United States"
"Jalisco",2020-03-02,-0.18,"Mexico"
"Kansas",2020-03-02,-0.13,"United States"
"Kentucky",2020-03-02,-0.05,"United States"
"Louisiana",2020-03-02,-0.42,"United States"
"Maryland",2020-03-02,-0.05,"United States"
"Massachusetts",2020-03-02,0.13,"United States"
"Mexico City",2020-03-02,-0.09,"Mexico"
"Michigan",2020-03-02,0.04,"United States"
"Minnesota",2020-03-02,-0.09,"United States"
"Missouri",2020-03-02,0.08,"United States"
"Nebraska",2020-03-02,0.16,"United States"
"Nevada",2020-03-02,-0.28,"United States"
"New Jersey",2020-03-02,-0.05,"United States"
"New Mexico",2020-03-02,-0.04,"United States"
"New South Wales",2020-03-02,-0.31,"Australia"
"New York",2020-03-02,-0.07,"United States"
"North Carolina",2020-03-02,-0.07,"United States"
"Nuevo Leon",2020-03-02,0.14,"Mexico"
"Ohio",2020-03-02,-0.07,"United States"
"Oklahoma",2020-03-02,-0.12,"United States"
"Ontario",2020-03-02,-0.09,"Canada"
"Oregon",2020-03-02,0.08,"United States"
"Pennsylvania",2020-03-02,0.03,"United States"
"Quebec",2020-03-02,-0.26,"Canada"
"Queensland",2020-03-02,-0.01,"Australia"
"Quintana Roo",2020-03-02,-0.14,"Mexico"
"Rhode Island",2020-03-02,0.18,"United States"
"South Carolina",2020-03-02,0.01,"United States"
"Tennessee",2020-03-02,-0.06,"United States"
"Texas",2020-03-02,-0.02,"United States"
"Utah",2020-03-02,-0.13,"United States"
"Victoria",2020-03-02,-0.13,"Australia"
"Virginia",2020-03-02,-0.04,"United States"
"Washington",2020-03-02,-0.25,"United States"
"Alabama",2020-03-01,0.02,"United States"
"Alberta",2020-03-01,-0.04,"Canada"
"Arizona",2020-03-01,-0.02,"United States"
"Baja California Sur",2020-03-01,-0.15,"Mexico"
"British Columbia",2020-03-01,-0.08,"Canada"
"California",2020-03-01,-0.03,"United States"
"Colorado",2020-03-01,0.26,"United States"
"Connecticut",2020-03-01,0.13,"United States"
"District of Columbia",2020-03-01,0.05,"United States"
"Florida",2020-03-01,-0.05,"United States"
"Georgia",2020-03-01,0.08,"United States"
"Hawaii",2020-03-01,-0.02,"United States"
"Illinois",2020-03-01,0.02,"United States"
"Indiana",2020-03-01,0.18,"United States"
"Jalisco",2020-03-01,-0.06,"Mexico"
"Kansas",2020-03-01,0.69,"United States"
"Kentucky",2020-03-01,0.19,"United States"
"Louisiana",2020-03-01,-0.19,"United States"
"Maryland",2020-03-01,0.25,"United States"
"Massachusetts",2020-03-01,-0.01,"United States"
"Mexico City",2020-03-01,-0.09,"Mexico"
"Michigan",2020-03-01,-0.04,"United States"
"Minnesota",2020-03-01,-0.01,"United States"
"Missouri",2020-03-01,0.72,"United States"
"Nebraska",2020-03-01,-0.02,"United States"
"Nevada",2020-03-01,-0.15,"United States"
"New Jersey",2020-03-01,0.1,"United States"
"New Mexico",2020-03-01,-0.02,"United States"
"New South Wales",2020-03-01,0.05,"Australia"
"New York",2020-03-01,0,"United States"
"North Carolina",2020-03-01,0.02,"United States"
"Nuevo Leon",2020-03-01,0.07,"Mexico"
"Ohio",2020-03-01,0.06,"United States"
"Oklahoma",2020-03-01,0.4,"United States"
"Ontario",2020-03-01,-0.09,"Canada"
"Oregon",2020-03-01,0.06,"United States"
"Pennsylvania",2020-03-01,0.3,"United States"
"Quebec",2020-03-01,0.01,"Canada"
"Queensland",2020-03-01,0.1,"Australia"
"Quintana Roo",2020-03-01,-0.08,"Mexico"
"Rhode Island",2020-03-01,-0.11,"United States"
"South Carolina",2020-03-01,0.08,"United States"
"Tennessee",2020-03-01,-0.06,"United States"
"Texas",2020-03-01,0.07,"United States"
"Utah",2020-03-01,-0.12,"United States"
"Victoria",2020-03-01,-0.01,"Australia"
"Virginia",2020-03-01,0.14,"United States"
"Washington",2020-03-01,-0.12,"United States"
"Alabama",2020-02-29,-0.11,"United States"
"Alberta",2020-02-29,0.02,"Canada"
"Arizona",2020-02-29,0.01,"United States"
"Baja California Sur",2020-02-29,-0.13,"Mexico"
"British Columbia",2020-02-29,-0.02,"Canada"
"California",2020-02-29,0.09,"United States"
"Colorado",2020-02-29,0.22,"United States"
"Connecticut",2020-02-29,0.04,"United States"
"District of Columbia",2020-02-29,0.02,"United States"
"Florida",2020-02-29,0,"United States"
"Georgia",2020-02-29,-0.03,"United States"
"Hawaii",2020-02-29,-0.02,"United States"
"Illinois",2020-02-29,0,"United States"
"Indiana",2020-02-29,0.04,"United States"
"Jalisco",2020-02-29,-0.12,"Mexico"
"Kansas",2020-02-29,0.02,"United States"
"Kentucky",2020-02-29,0.17,"United States"
"Louisiana",2020-02-29,-0.01,"United States"
"Maryland",2020-02-29,0,"United States"
"Massachusetts",2020-02-29,0.26,"United States"
"Mexico City",2020-02-29,-0.09,"Mexico"
"Michigan",2020-02-29,-0.06,"United States"
"Minnesota",2020-02-29,0.01,"United States"
"Missouri",2020-02-29,0.02,"United States"
"Nebraska",2020-02-29,0.05,"United States"
"Nevada",2020-02-29,-0.04,"United States"
"New Jersey",2020-02-29,0.03,"United States"
"New Mexico",2020-02-29,0.04,"United States"
"New South Wales",2020-02-29,0.08,"Australia"
"New York",2020-02-29,-0.01,"United States"
"North Carolina",2020-02-29,-0.03,"United States"
"Nuevo Leon",2020-02-29,0.15,"Mexico"
"Ohio",2020-02-29,-0.12,"United States"
"Oklahoma",2020-02-29,0.08,"United States"
"Ontario",2020-02-29,-0.08,"Canada"
"Oregon",2020-02-29,0.03,"United States"
"Pennsylvania",2020-02-29,0.01,"United States"
"Quebec",2020-02-29,0.01,"Canada"
"Queensland",2020-02-29,-0.08,"Australia"
"Quintana Roo",2020-02-29,0.06,"Mexico"
"Rhode Island",2020-02-29,0.21,"United States"
"South Carolina",2020-02-29,0.05,"United States"
"Tennessee",2020-02-29,-0.02,"United States"
"Texas",2020-02-29,0.06,"United States"
"Utah",2020-02-29,-0.01,"United States"
"Victoria",2020-02-29,-0.04,"Australia"
"Virginia",2020-02-29,-0.03,"United States"
"Washington",2020-02-29,-0.04,"United States"
"Alabama",2020-02-28,-0.03,"United States"
"Alberta",2020-02-28,0.03,"Canada"
"Arizona",2020-02-28,0.02,"United States"
"Baja California Sur",2020-02-28,-0.18,"Mexico"
"British Columbia",2020-02-28,-0.02,"Canada"
"California",2020-02-28,0.05,"United States"
"Colorado",2020-02-28,0,"United States"
"Connecticut",2020-02-28,-0.01,"United States"
"District of Columbia",2020-02-28,0.03,"United States"
"Florida",2020-02-28,0.02,"United States"
"Georgia",2020-02-28,0.02,"United States"
"Hawaii",2020-02-28,0.04,"United States"
"Illinois",2020-02-28,-0.06,"United States"
"Indiana",2020-02-28,-0.01,"United States"
"Jalisco",2020-02-28,-0.15,"Mexico"
"Kansas",2020-02-28,-0.14,"United States"
"Kentucky",2020-02-28,0,"United States"
"Louisiana",2020-02-28,-0.1,"United States"
"Maryland",2020-02-28,0.1,"United States"
"Massachusetts",2020-02-28,-0.02,"United States"
"Mexico City",2020-02-28,-0.08,"Mexico"
"Michigan",2020-02-28,-0.12,"United States"
"Minnesota",2020-02-28,0.33,"United States"
"Missouri",2020-02-28,-0.13,"United States"
"Nebraska",2020-02-28,-0.15,"United States"
"Nevada",2020-02-28,-0.06,"United States"
"New Jersey",2020-02-28,0.01,"United States"
"New Mexico",2020-02-28,0.04,"United States"
"New South Wales",2020-02-28,0.04,"Australia"
"New York",2020-02-28,-0.02,"United States"
"North Carolina",2020-02-28,0.03,"United States"
"Nuevo Leon",2020-02-28,-0.03,"Mexico"
"Ohio",2020-02-28,-0.15,"United States"
"Oklahoma",2020-02-28,0.02,"United States"
"Ontario",2020-02-28,-0.15,"Canada"
"Oregon",2020-02-28,-0.03,"United States"
"Pennsylvania",2020-02-28,0.01,"United States"
"Quebec",2020-02-28,-0.1,"Canada"
"Queensland",2020-02-28,0.06,"Australia"
"Quintana Roo",2020-02-28,-0.03,"Mexico"
"Rhode Island",2020-02-28,-0.02,"United States"
"South Carolina",2020-02-28,0.11,"United States"
"Tennessee",2020-02-28,0,"United States"
"Texas",2020-02-28,0.04,"United States"
"Utah",2020-02-28,0.01,"United States"
"Victoria",2020-02-28,-0.07,"Australia"
"Virginia",2020-02-28,0.08,"United States"
"Washington",2020-02-28,0.01,"United States"
"Alabama",2020-02-27,-0.03,"United States"
"Alberta",2020-02-27,-0.04,"Canada"
"Arizona",2020-02-27,0.03,"United States"
"Baja California Sur",2020-02-27,0.1,"Mexico"
"British Columbia",2020-02-27,-0.04,"Canada"
"California",2020-02-27,0.03,"United States"
"Colorado",2020-02-27,-0.02,"United States"
"Connecticut",2020-02-27,-0.08,"United States"
"District of Columbia",2020-02-27,0.01,"United States"
"Florida",2020-02-27,0.04,"United States"
"Georgia",2020-02-27,-0.04,"United States"
"Hawaii",2020-02-27,0.06,"United States"
"Illinois",2020-02-27,-0.09,"United States"
"Indiana",2020-02-27,-0.08,"United States"
"Jalisco",2020-02-27,-0.16,"Mexico"
"Kansas",2020-02-27,-0.2,"United States"
"Kentucky",2020-02-27,-0.08,"United States"
"Louisiana",2020-02-27,-0.15,"United States"
"Maryland",2020-02-27,-0.01,"United States"
"Massachusetts",2020-02-27,0.05,"United States"
"Mexico City",2020-02-27,-0.08,"Mexico"
"Michigan",2020-02-27,-0.19,"United States"
"Minnesota",2020-02-27,0.07,"United States"
"Missouri",2020-02-27,-0.08,"United States"
"Nebraska",2020-02-27,-0.06,"United States"
"Nevada",2020-02-27,-0.07,"United States"
"New Jersey",2020-02-27,-0.08,"United States"
"New Mexico",2020-02-27,0.03,"United States"
"New South Wales",2020-02-27,-0.11,"Australia"
"New York",2020-02-27,-0.05,"United States"
"North Carolina",2020-02-27,-0.01,"United States"
"Nuevo Leon",2020-02-27,0.01,"Mexico"
"Ohio",2020-02-27,-0.13,"United States"
"Oklahoma",2020-02-27,0.01,"United States"
"Ontario",2020-02-27,-0.21,"Canada"
"Oregon",2020-02-27,0.03,"United States"
"Pennsylvania",2020-02-27,-0.03,"United States"
"Quebec",2020-02-27,-0.11,"Canada"
"Queensland",2020-02-27,0.07,"Australia"
"Quintana Roo",2020-02-27,0.03,"Mexico"
"Rhode Island",2020-02-27,-0.09,"United States"
"South Carolina",2020-02-27,0.08,"United States"
"Tennessee",2020-02-27,-0.01,"United States"
"Texas",2020-02-27,0,"United States"
"Utah",2020-02-27,0.01,"United States"
"Victoria",2020-02-27,-0.12,"Australia"
"Virginia",2020-02-27,-0.03,"United States"
"Washington",2020-02-27,0,"United States"
"Alabama",2020-02-26,-0.08,"United States"
"Alberta",2020-02-26,-0.01,"Canada"
"Arizona",2020-02-26,0.01,"United States"
"Baja California Sur",2020-02-26,0.09,"Mexico"
"British Columbia",2020-02-26,0,"Canada"
"California",2020-02-26,0.04,"United States"
"Colorado",2020-02-26,-0.01,"United States"
"Connecticut",2020-02-26,0.09,"United States"
"District of Columbia",2020-02-26,0.08,"United States"
"Florida",2020-02-26,0.03,"United States"
"Georgia",2020-02-26,-0.04,"United States"
"Hawaii",2020-02-26,0.09,"United States"
"Illinois",2020-02-26,-0.14,"United States"
"Indiana",2020-02-26,-0.05,"United States"
"Jalisco",2020-02-26,-0.13,"Mexico"
"Kansas",2020-02-26,0.05,"United States"
"Kentucky",2020-02-26,-0.14,"United States"
"Louisiana",2020-02-26,0.04,"United States"
"Maryland",2020-02-26,-0.08,"United States"
"Massachusetts",2020-02-26,0.01,"United States"
"Mexico City",2020-02-26,-0.1,"Mexico"
"Michigan",2020-02-26,-0.27,"United States"
"Minnesota",2020-02-26,-0.01,"United States"
"Missouri",2020-02-26,-0.11,"United States"
"Nebraska",2020-02-26,-0.16,"United States"
"Nevada",2020-02-26,-0.14,"United States"
"New Jersey",2020-02-26,-0.09,"United States"
"New Mexico",2020-02-26,0.17,"United States"
"New South Wales",2020-02-26,-0.01,"Australia"
"New York",2020-02-26,-0.01,"United States"
"North Carolina",2020-02-26,0.05,"United States"
"Nuevo Leon",2020-02-26,-0.1,"Mexico"
"Ohio",2020-02-26,-0.22,"United States"
"Oklahoma",2020-02-26,0.4,"United States"
"Ontario",2020-02-26,0.05,"Canada"
"Oregon",2020-02-26,0.15,"United States"
"Pennsylvania",2020-02-26,-0.03,"United States"
"Quebec",2020-02-26,-0.01,"Canada"
"Queensland",2020-02-26,0.03,"Australia"
"Quintana Roo",2020-02-26,-0.05,"Mexico"
"Rhode Island",2020-02-26,-0.13,"United States"
"South Carolina",2020-02-26,0.06,"United States"
"Tennessee",2020-02-26,-0.11,"United States"
"Texas",2020-02-26,0,"United States"
"Utah",2020-02-26,0.15,"United States"
"Victoria",2020-02-26,-0.08,"Australia"
"Virginia",2020-02-26,-0.05,"United States"
"Washington",2020-02-26,0.05,"United States"
"Alabama",2020-02-25,0,"United States"
"Alberta",2020-02-25,0.03,"Canada"
"Arizona",2020-02-25,0.05,"United States"
"Baja California Sur",2020-02-25,0.06,"Mexico"
"British Columbia",2020-02-25,-0.05,"Canada"
"California",2020-02-25,0.06,"United States"
"Colorado",2020-02-25,-0.04,"United States"
"Connecticut",2020-02-25,0.06,"United States"
"District of Columbia",2020-02-25,0.08,"United States"
"Florida",2020-02-25,0.05,"United States"
"Georgia",2020-02-25,0.02,"United States"
"Hawaii",2020-02-25,-0.01,"United States"
"Illinois",2020-02-25,-0.14,"United States"
"Indiana",2020-02-25,0.03,"United States"
"Jalisco",2020-02-25,-0.04,"Mexico"
"Kansas",2020-02-25,-0.03,"United States"
"Kentucky",2020-02-25,-0.07,"United States"
"Louisiana",2020-02-25,0.78,"United States"
"Maryland",2020-02-25,-0.03,"United States"
"Massachusetts",2020-02-25,0.01,"United States"
"Mexico City",2020-02-25,-0.02,"Mexico"
"Michigan",2020-02-25,-0.08,"United States"
"Minnesota",2020-02-25,0.19,"United States"
"Missouri",2020-02-25,-0.02,"United States"
"Nebraska",2020-02-25,0.03,"United States"
"Nevada",2020-02-25,-0.01,"United States"
"New Jersey",2020-02-25,-0.07,"United States"
"New Mexico",2020-02-25,-0.04,"United States"
"New South Wales",2020-02-25,0.03,"Australia"
"New York",2020-02-25,0.01,"United States"
"North Carolina",2020-02-25,0.01,"United States"
"Nuevo Leon",2020-02-25,-0.12,"Mexico"
"Ohio",2020-02-25,-0.06,"United States"
"Oklahoma",2020-02-25,0.03,"United States"
"Ontario",2020-02-25,-0.06,"Canada"
"Oregon",2020-02-25,-0.01,"United States"
"Pennsylvania",2020-02-25,-0.05,"United States"
"Quebec",2020-02-25,0.2,"Canada"
"Queensland",2020-02-25,0.07,"Australia"
"Quintana Roo",2020-02-25,0.02,"Mexico"
"Rhode Island",2020-02-25,-0.13,"United States"
"South Carolina",2020-02-25,0.02,"United States"
"Tennessee",2020-02-25,-0.07,"United States"
"Texas",2020-02-25,0.09,"United States"
"Utah",2020-02-25,0.13,"United States"
"Victoria",2020-02-25,-0.06,"Australia"
"Virginia",2020-02-25,0.02,"United States"
"Washington",2020-02-25,-0.02,"United States"
"Alabama",2020-02-24,0.01,"United States"
"Alberta",2020-02-24,-0.01,"Canada"
"Arizona",2020-02-24,0.02,"United States"
"Baja California Sur",2020-02-24,0.29,"Mexico"
"British Columbia",2020-02-24,-0.03,"Canada"
"California",2020-02-24,0.03,"United States"
"Colorado",2020-02-24,-0.02,"United States"
"Connecticut",2020-02-24,-0.02,"United States"
"District of Columbia",2020-02-24,0.11,"United States"
"Florida",2020-02-24,0.02,"United States"
"Georgia",2020-02-24,-0.09,"United States"
"Hawaii",2020-02-24,0.02,"United States"
"Illinois",2020-02-24,-0.05,"United States"
"Indiana",2020-02-24,0.06,"United States"
"Jalisco",2020-02-24,-0.09,"Mexico"
"Kansas",2020-02-24,-0.12,"United States"
"Kentucky",2020-02-24,0.02,"United States"
"Louisiana",2020-02-24,0.8,"United States"
"Maryland",2020-02-24,0.08,"United States"
"Massachusetts",2020-02-24,0.04,"United States"
"Mexico City",2020-02-24,0,"Mexico"
"Michigan",2020-02-24,0.01,"United States"
"Minnesota",2020-02-24,0.02,"United States"
"Missouri",2020-02-24,-0.07,"United States"
"Nebraska",2020-02-24,0.04,"United States"
"Nevada",2020-02-24,0.01,"United States"
"New Jersey",2020-02-24,0.06,"United States"
"New Mexico",2020-02-24,-0.03,"United States"
"New South Wales",2020-02-24,0.04,"Australia"
"New York",2020-02-24,0.06,"United States"
"North Carolina",2020-02-24,-0.09,"United States"
"Nuevo Leon",2020-02-24,0,"Mexico"
"Ohio",2020-02-24,-0.08,"United States"
"Oklahoma",2020-02-24,-0.05,"United States"
"Ontario",2020-02-24,-0.02,"Canada"
"Oregon",2020-02-24,0.12,"United States"
"Pennsylvania",2020-02-24,0,"United States"
"Quebec",2020-02-24,0.14,"Canada"
"Queensland",2020-02-24,0.09,"Australia"
"Quintana Roo",2020-02-24,-0.02,"Mexico"
"Rhode Island",2020-02-24,0.14,"United States"
"South Carolina",2020-02-24,0.03,"United States"
"Tennessee",2020-02-24,-0.09,"United States"
"Texas",2020-02-24,0,"United States"
"Utah",2020-02-24,0.04,"United States"
"Victoria",2020-02-24,-0.07,"Australia"
"Virginia",2020-02-24,0.02,"United States"
"Washington",2020-02-24,-0.01,"United States"
"Alabama",2020-02-23,0.02,"United States"
"Alberta",2020-02-23,0,"Canada"
"Arizona",2020-02-23,0.05,"United States"
"Baja California Sur",2020-02-23,0.01,"Mexico"
"British Columbia",2020-02-23,-0.02,"Canada"
"California",2020-02-23,0.07,"United States"
"Colorado",2020-02-23,-0.08,"United States"
"Connecticut",2020-02-23,0.02,"United States"
"District of Columbia",2020-02-23,0.15,"United States"
"Florida",2020-02-23,0.02,"United States"
"Georgia",2020-02-23,-0.09,"United States"
"Hawaii",2020-02-23,0.03,"United States"
"Illinois",2020-02-23,0.11,"United States"
"Indiana",2020-02-23,0.13,"United States"
"Jalisco",2020-02-23,0.02,"Mexico"
"Kansas",2020-02-23,-0.06,"United States"
"Kentucky",2020-02-23,-0.02,"United States"
"Louisiana",2020-02-23,0.11,"United States"
"Maryland",2020-02-23,0.08,"United States"
"Massachusetts",2020-02-23,0.11,"United States"
"Mexico City",2020-02-23,0.02,"Mexico"
"Michigan",2020-02-23,0.18,"United States"
"Minnesota",2020-02-23,0.22,"United States"
"Missouri",2020-02-23,-0.03,"United States"
"Nebraska",2020-02-23,0.6,"United States"
"Nevada",2020-02-23,0.08,"United States"
"New Jersey",2020-02-23,0.12,"United States"
"New Mexico",2020-02-23,0.03,"United States"
"New South Wales",2020-02-23,-0.05,"Australia"
"New York",2020-02-23,0.13,"United States"
"North Carolina",2020-02-23,0.02,"United States"
"Nuevo Leon",2020-02-23,0.1,"Mexico"
"Ohio",2020-02-23,0,"United States"
"Oklahoma",2020-02-23,-0.08,"United States"
"Ontario",2020-02-23,0.14,"Canada"
"Oregon",2020-02-23,0.2,"United States"
"Pennsylvania",2020-02-23,0.03,"United States"
"Quebec",2020-02-23,0.29,"Canada"
"Queensland",2020-02-23,0.04,"Australia"
"Quintana Roo",2020-02-23,-0.01,"Mexico"
"Rhode Island",2020-02-23,0.24,"United States"
"South Carolina",2020-02-23,0.04,"United States"
"Tennessee",2020-02-23,-0.14,"United States"
"Texas",2020-02-23,-0.03,"United States"
"Utah",2020-02-23,0.04,"United States"
"Victoria",2020-02-23,-0.02,"Australia"
"Virginia",2020-02-23,0.07,"United States"
"Washington",2020-02-23,0.1,"United States"
"Alabama",2020-02-22,0.08,"United States"
"Alberta",2020-02-22,0.05,"Canada"
"Arizona",2020-02-22,-0.03,"United States"
"Baja California Sur",2020-02-22,0.01,"Mexico"
"British Columbia",2020-02-22,0.03,"Canada"
"California",2020-02-22,-0.02,"United States"
"Colorado",2020-02-22,0.01,"United States"
"Connecticut",2020-02-22,-0.06,"United States"
"District of Columbia",2020-02-22,0.08,"United States"
"Florida",2020-02-22,0.02,"United States"
"Georgia",2020-02-22,-0.02,"United States"
"Hawaii",2020-02-22,0.04,"United States"
"Illinois",2020-02-22,0.06,"United States"
"Indiana",2020-02-22,0.03,"United States"
"Jalisco",2020-02-22,-0.06,"Mexico"
"Kansas",2020-02-22,-0.04,"United States"
"Kentucky",2020-02-22,0.11,"United States"
"Louisiana",2020-02-22,0.02,"United States"
"Maryland",2020-02-22,0.08,"United States"
"Massachusetts",2020-02-22,-0.01,"United States"
"Mexico City",2020-02-22,0,"Mexico"
"Michigan",2020-02-22,0,"United States"
"Minnesota",2020-02-22,0.17,"United States"
"Missouri",2020-02-22,0.01,"United States"
"Nebraska",2020-02-22,1.63,"United States"
"Nevada",2020-02-22,-0.04,"United States"
"New Jersey",2020-02-22,0.03,"United States"
"New Mexico",2020-02-22,-0.04,"United States"
"New South Wales",2020-02-22,0.08,"Australia"
"New York",2020-02-22,0.01,"United States"
"North Carolina",2020-02-22,0.04,"United States"
"Nuevo Leon",2020-02-22,0.09,"Mexico"
"Ohio",2020-02-22,-0.07,"United States"
"Oklahoma",2020-02-22,-0.02,"United States"
"Ontario",2020-02-22,-0.05,"Canada"
"Oregon",2020-02-22,0.07,"United States"
"Pennsylvania",2020-02-22,0.01,"United States"
"Quebec",2020-02-22,0.05,"Canada"
"Queensland",2020-02-22,0.02,"Australia"
"Quintana Roo",2020-02-22,0.02,"Mexico"
"Rhode Island",2020-02-22,-0.06,"United States"
"South Carolina",2020-02-22,0.1,"United States"
"Tennessee",2020-02-22,0.07,"United States"
"Texas",2020-02-22,0.01,"United States"
"Utah",2020-02-22,0.05,"United States"
"Victoria",2020-02-22,-0.05,"Australia"
"Virginia",2020-02-22,0.06,"United States"
"Washington",2020-02-22,0.02,"United States"
"Alabama",2020-02-21,-0.02,"United States"
"Alberta",2020-02-21,0.01,"Canada"
"Arizona",2020-02-21,0.04,"United States"
"Baja California Sur",2020-02-21,-0.09,"Mexico"
"British Columbia",2020-02-21,0.06,"Canada"
"California",2020-02-21,0,"United States"
"Colorado",2020-02-21,0.07,"United States"
"Connecticut",2020-02-21,-0.03,"United States"
"District of Columbia",2020-02-21,0,"United States"
"Florida",2020-02-21,-0.05,"United States"
"Georgia",2020-02-21,-0.05,"United States"
"Hawaii",2020-02-21,0.05,"United States"
"Illinois",2020-02-21,-0.03,"United States"
"Indiana",2020-02-21,-0.08,"United States"
"Jalisco",2020-02-21,0.05,"Mexico"
"Kansas",2020-02-21,-0.11,"United States"
"Kentucky",2020-02-21,0.06,"United States"
"Louisiana",2020-02-21,0.1,"United States"
"Maryland",2020-02-21,0.01,"United States"
"Massachusetts",2020-02-21,-0.07,"United States"
"Mexico City",2020-02-21,-0.02,"Mexico"
"Michigan",2020-02-21,-0.12,"United States"
"Minnesota",2020-02-21,-0.09,"United States"
"Missouri",2020-02-21,0.03,"United States"
"Nebraska",2020-02-21,-0.01,"United States"
"Nevada",2020-02-21,0.01,"United States"
"New Jersey",2020-02-21,-0.02,"United States"
"New Mexico",2020-02-21,0.08,"United States"
"New South Wales",2020-02-21,0.05,"Australia"
"New York",2020-02-21,-0.04,"United States"
"North Carolina",2020-02-21,-0.01,"United States"
"Nuevo Leon",2020-02-21,0.04,"Mexico"
"Ohio",2020-02-21,-0.07,"United States"
"Oklahoma",2020-02-21,0.04,"United States"
"Ontario",2020-02-21,-0.07,"Canada"
"Oregon",2020-02-21,0.09,"United States"
"Pennsylvania",2020-02-21,-0.03,"United States"
"Quebec",2020-02-21,-0.05,"Canada"
"Queensland",2020-02-21,0.04,"Australia"
"Quintana Roo",2020-02-21,-0.07,"Mexico"
"Rhode Island",2020-02-21,-0.15,"United States"
"South Carolina",2020-02-21,0,"United States"
"Tennessee",2020-02-21,0.03,"United States"
"Texas",2020-02-21,0.02,"United States"
"Utah",2020-02-21,0.04,"United States"
"Victoria",2020-02-21,-0.07,"Australia"
"Virginia",2020-02-21,-0.03,"United States"
"Washington",2020-02-21,0.03,"United States"
"Alabama",2020-02-20,0.01,"United States"
"Alberta",2020-02-20,0.02,"Canada"
"Arizona",2020-02-20,0.08,"United States"
"Baja California Sur",2020-02-20,-0.02,"Mexico"
"British Columbia",2020-02-20,0.01,"Canada"
"California",2020-02-20,0.05,"United States"
"Colorado",2020-02-20,-0.04,"United States"
"Connecticut",2020-02-20,0.01,"United States"
"District of Columbia",2020-02-20,0.08,"United States"
"Florida",2020-02-20,-0.04,"United States"
"Georgia",2020-02-20,-0.06,"United States"
"Hawaii",2020-02-20,0.04,"United States"
"Illinois",2020-02-20,-0.02,"United States"
"Indiana",2020-02-20,-0.15,"United States"
"Jalisco",2020-02-20,0,"Mexico"
"Kansas",2020-02-20,-0.14,"United States"
"Kentucky",2020-02-20,0.02,"United States"
"Louisiana",2020-02-20,0.09,"United States"
"Maryland",2020-02-20,0.04,"United States"
"Massachusetts",2020-02-20,0.05,"United States"
"Mexico City",2020-02-20,-0.01,"Mexico"
"Michigan",2020-02-20,-0.09,"United States"
"Minnesota",2020-02-20,-0.15,"United States"
"Missouri",2020-02-20,-0.01,"United States"
"Nebraska",2020-02-20,0.06,"United States"
"Nevada",2020-02-20,-0.01,"United States"
"New Jersey",2020-02-20,-0.04,"United States"
"New Mexico",2020-02-20,0.05,"United States"
"New South Wales",2020-02-20,-0.01,"Australia"
"New York",2020-02-20,0.01,"United States"
"North Carolina",2020-02-20,-0.3,"United States"
"Nuevo Leon",2020-02-20,-0.1,"Mexico"
"Ohio",2020-02-20,-0.05,"United States"
"Oklahoma",2020-02-20,-0.04,"United States"
"Ontario",2020-02-20,-0.06,"Canada"
"Oregon",2020-02-20,0.04,"United States"
"Pennsylvania",2020-02-20,0,"United States"
"Quebec",2020-02-20,-0.04,"Canada"
"Queensland",2020-02-20,0,"Australia"
"Quintana Roo",2020-02-20,-0.06,"Mexico"
"Rhode Island",2020-02-20,0.07,"United States"
"South Carolina",2020-02-20,-0.11,"United States"
"Tennessee",2020-02-20,-0.09,"United States"
"Texas",2020-02-20,0,"United States"
"Utah",2020-02-20,0.02,"United States"
"Victoria",2020-02-20,-0.05,"Australia"
"Virginia",2020-02-20,-0.01,"United States"
"Washington",2020-02-20,0.06,"United States"
"Alabama",2020-02-19,0.07,"United States"
"Alberta",2020-02-19,0.1,"Canada"
"Arizona",2020-02-19,0.01,"United States"
"Baja California Sur",2020-02-19,-0.02,"Mexico"
"British Columbia",2020-02-19,-0.03,"Canada"
"California",2020-02-19,0.02,"United States"
"Colorado",2020-02-19,-0.08,"United States"
"Connecticut",2020-02-19,0.26,"United States"
"District of Columbia",2020-02-19,0.55,"United States"
"Florida",2020-02-19,-0.03,"United States"
"Georgia",2020-02-19,0.04,"United States"
"Hawaii",2020-02-19,0.02,"United States"
"Illinois",2020-02-19,0.04,"United States"
"Indiana",2020-02-19,0.13,"United States"
"Jalisco",2020-02-19,0.09,"Mexico"
"Kansas",2020-02-19,0.02,"United States"
"Kentucky",2020-02-19,0.14,"United States"
"Louisiana",2020-02-19,0.02,"United States"
"Maryland",2020-02-19,0.7,"United States"
"Massachusetts",2020-02-19,0.07,"United States"
"Mexico City",2020-02-19,-0.09,"Mexico"
"Michigan",2020-02-19,0,"United States"
"Minnesota",2020-02-19,0.51,"United States"
"Missouri",2020-02-19,0.17,"United States"
"Nebraska",2020-02-19,0.08,"United States"
"Nevada",2020-02-19,-0.18,"United States"
"New Jersey",2020-02-19,0.7,"United States"
"New Mexico",2020-02-19,-0.03,"United States"
"New South Wales",2020-02-19,-0.07,"Australia"
"New York",2020-02-19,0.11,"United States"
"North Carolina",2020-02-19,0.01,"United States"
"Nuevo Leon",2020-02-19,-0.12,"Mexico"
"Ohio",2020-02-19,0.01,"United States"
"Oklahoma",2020-02-19,0.13,"United States"
"Ontario",2020-02-19,-0.04,"Canada"
"Oregon",2020-02-19,-0.01,"United States"
"Pennsylvania",2020-02-19,0.63,"United States"
"Quebec",2020-02-19,0.09,"Canada"
"Queensland",2020-02-19,0.02,"Australia"
"Quintana Roo",2020-02-19,0,"Mexico"
"Rhode Island",2020-02-19,0,"United States"
"South Carolina",2020-02-19,-0.02,"United States"
"Tennessee",2020-02-19,0.08,"United States"
"Texas",2020-02-19,-0.06,"United States"
"Utah",2020-02-19,0.03,"United States"
"Victoria",2020-02-19,-0.07,"Australia"
"Virginia",2020-02-19,0.58,"United States"
"Washington",2020-02-19,0.08,"United States"
"Alabama",2020-02-18,-0.14,"United States"
"Alberta",2020-02-18,0.02,"Canada"
"Arizona",2020-02-18,0,"United States"
"Baja California Sur",2020-02-18,-0.06,"Mexico"
"British Columbia",2020-02-18,0.08,"Canada"
"California",2020-02-18,-0.02,"United States"
"Colorado",2020-02-18,0.01,"United States"
"Connecticut",2020-02-18,0.08,"United States"
"District of Columbia",2020-02-18,-0.05,"United States"
"Florida",2020-02-18,0,"United States"
"Georgia",2020-02-18,0,"United States"
"Hawaii",2020-02-18,0,"United States"
"Illinois",2020-02-18,-0.04,"United States"
"Indiana",2020-02-18,0.21,"United States"
"Jalisco",2020-02-18,0.08,"Mexico"
"Kansas",2020-02-18,0.39,"United States"
"Kentucky",2020-02-18,0.11,"United States"
"Louisiana",2020-02-18,-0.06,"United States"
"Maryland",2020-02-18,0.06,"United States"
"Massachusetts",2020-02-18,0,"United States"
"Mexico City",2020-02-18,-0.08,"Mexico"
"Michigan",2020-02-18,-0.12,"United States"
"Minnesota",2020-02-18,-0.11,"United States"
"Missouri",2020-02-18,0.32,"United States"
"Nebraska",2020-02-18,0.3,"United States"
"Nevada",2020-02-18,-0.19,"United States"
"New Jersey",2020-02-18,0.03,"United States"
"New Mexico",2020-02-18,0.18,"United States"
"New South Wales",2020-02-18,0.04,"Australia"
"New York",2020-02-18,-0.01,"United States"
"North Carolina",2020-02-18,0.04,"United States"
"Nuevo Leon",2020-02-18,-0.12,"Mexico"
"Ohio",2020-02-18,-0.08,"United States"
"Oklahoma",2020-02-18,0.51,"United States"
"Ontario",2020-02-18,-0.16,"Canada"
"Oregon",2020-02-18,0.04,"United States"
"Pennsylvania",2020-02-18,0.03,"United States"
"Quebec",2020-02-18,0.06,"Canada"
"Queensland",2020-02-18,0.05,"Australia"
"Quintana Roo",2020-02-18,0.02,"Mexico"
"Rhode Island",2020-02-18,0.08,"United States"
"South Carolina",2020-02-18,0.08,"United States"
"Tennessee",2020-02-18,0.01,"United States"
"Texas",2020-02-18,0,"United States"
"Utah",2020-02-18,0,"United States"
"Victoria",2020-02-18,-0.1,"Australia"
"Virginia",2020-02-18,0.06,"United States"
"Washington",2020-02-18,0.09,"United States"
"Wisconsin",2020-02-18,0.03,"United States"
"Wisconsin",2020-02-19,0.21,"United States"
"Wisconsin",2020-02-20,-0.01,"United States"
"Wisconsin",2020-02-21,-0.03,"United States"
"Wisconsin",2020-02-22,0.14,"United States"
"Wisconsin",2020-02-23,0.25,"United States"
"Wisconsin",2020-02-24,0,"United States"
"Wisconsin",2020-02-25,0.09,"United States"
"Wisconsin",2020-02-26,-0.04,"United States"
"Wisconsin",2020-02-27,-0.01,"United States"
"Wisconsin",2020-02-28,0.09,"United States"
"Wisconsin",2020-02-29,0.03,"United States"
"Wisconsin",2020-03-01,0.05,"United States"
"Wisconsin",2020-03-02,0.08,"United States"
"Wisconsin",2020-03-03,0.09,"United States"
"Wisconsin",2020-03-04,0.12,"United States"
"Wisconsin",2020-03-05,-0.07,"United States"
"Wisconsin",2020-03-06,-0.07,"United States"
"Wisconsin",2020-03-07,-0.06,"United States"
"Wisconsin",2020-03-08,0.15,"United States"
"Wisconsin",2020-03-09,-0.1,"United States"
"Wisconsin",2020-03-10,0.01,"United States"
"Wisconsin",2020-03-11,0,"United States"
"Wisconsin",2020-03-12,-0.1,"United States"
"Wisconsin",2020-03-13,-0.26,"United States"
"Wisconsin",2020-03-14,-0.39,"United States"
"Wisconsin",2020-03-15,-0.47,"United States"
