"City","report_date","yoy_pct_change","State","Country"
"Calgary",2020-03-16,-0.73,"Alberta","Canada"
"Edmonton",2020-03-16,-0.64,"Alberta","Canada"
"Vancouver",2020-03-16,-0.53,"British Columbia","Canada"
"Toronto",2020-03-16,-0.76,"Ontario","Canada"
"Montréal",2020-03-16,-0.66,"Quebec","Canada"
"Hamburg",2020-03-16,-0.76,"","Germany"
"München",2020-03-16,-0.66,"","Germany"
"Dublin",2020-03-16,-0.71,"","Ireland"
"Ciudad de México",2020-03-16,-0.58,"Mexico City","Mexico"
"San Pedro Garza García",2020-03-16,-0.65,"Nuevo Leon","Mexico"
"London",2020-03-16,-0.61,"","United Kingdom"
"Phoenix",2020-03-16,-0.66,"Arizona","United States"
"Scottsdale",2020-03-16,-0.54,"Arizona","United States"
"Los Angeles",2020-03-16,-0.82,"California","United States"
"San Diego",2020-03-16,-0.62,"California","United States"
"San Francisco",2020-03-16,-0.8,"California","United States"
"Denver",2020-03-16,-0.56,"Colorado","United States"
"Washington",2020-03-16,-0.76,"District of Columbia","United States"
"Fort Lauderdale",2020-03-16,-0.46,"Florida","United States"
"Miami",2020-03-16,-0.46,"Florida","United States"
"Miami Beach",2020-03-16,-0.43,"Florida","United States"
"Naples",2020-03-16,-0.53,"Florida","United States"
"Orlando",2020-03-16,-0.53,"Florida","United States"
"Tampa",2020-03-16,-0.48,"Florida","United States"
"Atlanta",2020-03-16,-0.78,"Georgia","United States"
"Honolulu",2020-03-16,-0.4,"Hawaii","United States"
"Chicago",2020-03-16,-0.75,"Illinois","United States"
"Indianapolis",2020-03-16,-0.71,"Indiana","United States"
"Louisville",2020-03-16,-0.75,"Kentucky","United States"
"New Orleans",2020-03-16,-0.63,"Louisiana","United States"
"Baltimore",2020-03-16,-0.75,"Maryland","United States"
"Boston",2020-03-16,-0.81,"Massachusetts","United States"
"Minneapolis",2020-03-16,-0.76,"Minnesota","United States"
"Las Vegas",2020-03-16,-0.58,"Nevada","United States"
"New York",2020-03-16,-0.77,"New York","United States"
"Charlotte",2020-03-16,-0.68,"North Carolina","United States"
"Raleigh",2020-03-16,-0.68,"North Carolina","United States"
"Cincinnati",2020-03-16,-1,"Ohio","United States"
"Columbus",2020-03-16,-1,"Ohio","United States"
"Portland",2020-03-16,-0.61,"Oregon","United States"
"Philadelphia",2020-03-16,-0.85,"Pennsylvania","United States"
"Pittsburgh",2020-03-16,-0.63,"Pennsylvania","United States"
"Nashville",2020-03-16,-0.7,"Tennessee","United States"
"Austin",2020-03-16,-0.71,"Texas","United States"
"Dallas",2020-03-16,-0.61,"Texas","United States"
"Houston",2020-03-16,-0.61,"Texas","United States"
"San Antonio",2020-03-16,-0.59,"Texas","United States"
"Seattle",2020-03-16,-0.83,"Washington","United States"
"Calgary",2020-03-15,-0.54,"Alberta","Canada"
"Edmonton",2020-03-15,-0.46,"Alberta","Canada"
"Vancouver",2020-03-15,-0.36,"British Columbia","Canada"
"Toronto",2020-03-15,-0.54,"Ontario","Canada"
"Montréal",2020-03-15,-0.42,"Quebec","Canada"
"Hamburg",2020-03-15,-0.55,"","Germany"
"München",2020-03-15,-0.53,"","Germany"
"Dublin",2020-03-15,-0.7,"","Ireland"
"Ciudad de México",2020-03-15,-0.38,"Mexico City","Mexico"
"San Pedro Garza García",2020-03-15,-0.6,"Nuevo Leon","Mexico"
"London",2020-03-15,-0.43,"","United Kingdom"
"Phoenix",2020-03-15,-0.45,"Arizona","United States"
"Scottsdale",2020-03-15,-0.38,"Arizona","United States"
"Los Angeles",2020-03-15,-0.57,"California","United States"
"San Diego",2020-03-15,-0.49,"California","United States"
"San Francisco",2020-03-15,-0.72,"California","United States"
"Denver",2020-03-15,-0.5,"Colorado","United States"
"Washington",2020-03-15,-0.55,"District of Columbia","United States"
"Fort Lauderdale",2020-03-15,-0.44,"Florida","United States"
"Miami",2020-03-15,-0.36,"Florida","United States"
"Miami Beach",2020-03-15,-0.23,"Florida","United States"
"Naples",2020-03-15,-0.38,"Florida","United States"
"Orlando",2020-03-15,-0.47,"Florida","United States"
"Tampa",2020-03-15,-0.2,"Florida","United States"
"Atlanta",2020-03-15,-0.44,"Georgia","United States"
"Honolulu",2020-03-15,-0.32,"Hawaii","United States"
"Chicago",2020-03-15,-0.53,"Illinois","United States"
"Indianapolis",2020-03-15,-0.49,"Indiana","United States"
"Louisville",2020-03-15,-0.57,"Kentucky","United States"
"New Orleans",2020-03-15,-0.54,"Louisiana","United States"
"Baltimore",2020-03-15,-0.48,"Maryland","United States"
"Boston",2020-03-15,-0.7,"Massachusetts","United States"
"Minneapolis",2020-03-15,-0.33,"Minnesota","United States"
"Las Vegas",2020-03-15,-0.48,"Nevada","United States"
"New York",2020-03-15,-0.69,"New York","United States"
"Charlotte",2020-03-15,-0.36,"North Carolina","United States"
"Raleigh",2020-03-15,-0.55,"North Carolina","United States"
"Cincinnati",2020-03-15,-0.53,"Ohio","United States"
"Columbus",2020-03-15,-0.49,"Ohio","United States"
"Portland",2020-03-15,-0.54,"Oregon","United States"
"Philadelphia",2020-03-15,-0.54,"Pennsylvania","United States"
"Pittsburgh",2020-03-15,-0.48,"Pennsylvania","United States"
"Nashville",2020-03-15,-0.54,"Tennessee","United States"
"Austin",2020-03-15,-0.54,"Texas","United States"
"Dallas",2020-03-15,-0.42,"Texas","United States"
"Houston",2020-03-15,-0.4,"Texas","United States"
"San Antonio",2020-03-15,-0.45,"Texas","United States"
"Seattle",2020-03-15,-0.62,"Washington","United States"
"Calgary",2020-03-14,-0.51,"Alberta","Canada"
"Edmonton",2020-03-14,-0.4,"Alberta","Canada"
"Vancouver",2020-03-14,-0.33,"British Columbia","Canada"
"Toronto",2020-03-14,-0.49,"Ontario","Canada"
"Montréal",2020-03-14,-0.43,"Quebec","Canada"
"Hamburg",2020-03-14,-0.4,"","Germany"
"München",2020-03-14,-0.44,"","Germany"
"Dublin",2020-03-14,-0.54,"","Ireland"
"Ciudad de México",2020-03-14,-0.2,"Mexico City","Mexico"
"San Pedro Garza García",2020-03-14,-0.34,"Nuevo Leon","Mexico"
"London",2020-03-14,-0.31,"","United Kingdom"
"Phoenix",2020-03-14,-0.27,"Arizona","United States"
"Scottsdale",2020-03-14,-0.25,"Arizona","United States"
"Los Angeles",2020-03-14,-0.47,"California","United States"
"San Diego",2020-03-14,-0.42,"California","United States"
"San Francisco",2020-03-14,-0.58,"California","United States"
"Denver",2020-03-14,-0.46,"Colorado","United States"
"Washington",2020-03-14,-0.44,"District of Columbia","United States"
"Fort Lauderdale",2020-03-14,-0.3,"Florida","United States"
"Miami",2020-03-14,-0.3,"Florida","United States"
"Miami Beach",2020-03-14,-0.24,"Florida","United States"
"Naples",2020-03-14,-0.3,"Florida","United States"
"Orlando",2020-03-14,-0.32,"Florida","United States"
"Tampa",2020-03-14,-0.23,"Florida","United States"
"Atlanta",2020-03-14,-0.34,"Georgia","United States"
"Honolulu",2020-03-14,-0.22,"Hawaii","United States"
"Chicago",2020-03-14,-0.49,"Illinois","United States"
"Indianapolis",2020-03-14,-0.58,"Indiana","United States"
"Louisville",2020-03-14,-0.52,"Kentucky","United States"
"New Orleans",2020-03-14,-0.39,"Louisiana","United States"
"Baltimore",2020-03-14,-0.39,"Maryland","United States"
"Boston",2020-03-14,-0.64,"Massachusetts","United States"
"Minneapolis",2020-03-14,-0.35,"Minnesota","United States"
"Las Vegas",2020-03-14,-0.36,"Nevada","United States"
"New York",2020-03-14,-0.64,"New York","United States"
"Charlotte",2020-03-14,-0.34,"North Carolina","United States"
"Raleigh",2020-03-14,-0.39,"North Carolina","United States"
"Cincinnati",2020-03-14,-0.52,"Ohio","United States"
"Columbus",2020-03-14,-0.53,"Ohio","United States"
"Portland",2020-03-14,-0.39,"Oregon","United States"
"Philadelphia",2020-03-14,-0.48,"Pennsylvania","United States"
"Pittsburgh",2020-03-14,-0.48,"Pennsylvania","United States"
"Nashville",2020-03-14,-0.4,"Tennessee","United States"
"Austin",2020-03-14,-0.36,"Texas","United States"
"Dallas",2020-03-14,-0.35,"Texas","United States"
"Houston",2020-03-14,-0.34,"Texas","United States"
"San Antonio",2020-03-14,-0.39,"Texas","United States"
"Seattle",2020-03-14,-0.63,"Washington","United States"
"Calgary",2020-03-13,-0.48,"Alberta","Canada"
"Edmonton",2020-03-13,-0.33,"Alberta","Canada"
"Vancouver",2020-03-13,-0.36,"British Columbia","Canada"
"Toronto",2020-03-13,-0.49,"Ontario","Canada"
"Montréal",2020-03-13,-0.48,"Quebec","Canada"
"Hamburg",2020-03-13,-0.28,"","Germany"
"München",2020-03-13,-0.28,"","Germany"
"Dublin",2020-03-13,-0.46,"","Ireland"
"Ciudad de México",2020-03-13,-0.16,"Mexico City","Mexico"
"San Pedro Garza García",2020-03-13,-0.28,"Nuevo Leon","Mexico"
"London",2020-03-13,-0.36,"","United Kingdom"
"Phoenix",2020-03-13,-0.28,"Arizona","United States"
"Scottsdale",2020-03-13,-0.29,"Arizona","United States"
"Los Angeles",2020-03-13,-0.48,"California","United States"
"San Diego",2020-03-13,-0.43,"California","United States"
"San Francisco",2020-03-13,-0.53,"California","United States"
"Denver",2020-03-13,-0.46,"Colorado","United States"
"Washington",2020-03-13,-0.44,"District of Columbia","United States"
"Fort Lauderdale",2020-03-13,-0.28,"Florida","United States"
"Miami",2020-03-13,-0.27,"Florida","United States"
"Miami Beach",2020-03-13,-0.21,"Florida","United States"
"Naples",2020-03-13,-0.24,"Florida","United States"
"Orlando",2020-03-13,-0.33,"Florida","United States"
"Tampa",2020-03-13,-0.22,"Florida","United States"
"Atlanta",2020-03-13,-0.35,"Georgia","United States"
"Honolulu",2020-03-13,-0.18,"Hawaii","United States"
"Chicago",2020-03-13,-0.37,"Illinois","United States"
"Indianapolis",2020-03-13,-0.47,"Indiana","United States"
"Louisville",2020-03-13,-0.33,"Kentucky","United States"
"New Orleans",2020-03-13,-0.32,"Louisiana","United States"
"Baltimore",2020-03-13,-0.3,"Maryland","United States"
"Boston",2020-03-13,-0.56,"Massachusetts","United States"
"Minneapolis",2020-03-13,-0.22,"Minnesota","United States"
"Las Vegas",2020-03-13,-0.32,"Nevada","United States"
"New York",2020-03-13,-0.61,"New York","United States"
"Charlotte",2020-03-13,-0.35,"North Carolina","United States"
"Raleigh",2020-03-13,-0.29,"North Carolina","United States"
"Cincinnati",2020-03-13,-0.37,"Ohio","United States"
"Columbus",2020-03-13,-0.38,"Ohio","United States"
"Portland",2020-03-13,-0.41,"Oregon","United States"
"Philadelphia",2020-03-13,-0.4,"Pennsylvania","United States"
"Pittsburgh",2020-03-13,-0.42,"Pennsylvania","United States"
"Nashville",2020-03-13,-0.37,"Tennessee","United States"
"Austin",2020-03-13,-0.35,"Texas","United States"
"Dallas",2020-03-13,-0.35,"Texas","United States"
"Houston",2020-03-13,-0.33,"Texas","United States"
"San Antonio",2020-03-13,-0.41,"Texas","United States"
"Seattle",2020-03-13,-0.63,"Washington","United States"
"Calgary",2020-03-12,-0.27,"Alberta","Canada"
"Edmonton",2020-03-12,-0.23,"Alberta","Canada"
"Vancouver",2020-03-12,-0.24,"British Columbia","Canada"
"Toronto",2020-03-12,-0.37,"Ontario","Canada"
"Montréal",2020-03-12,-0.24,"Quebec","Canada"
"Hamburg",2020-03-12,-0.24,"","Germany"
"München",2020-03-12,-0.17,"","Germany"
"Dublin",2020-03-12,-0.46,"","Ireland"
"Ciudad de México",2020-03-12,-0.16,"Mexico City","Mexico"
"San Pedro Garza García",2020-03-12,-0.22,"Nuevo Leon","Mexico"
"London",2020-03-12,-0.29,"","United Kingdom"
"Phoenix",2020-03-12,-0.21,"Arizona","United States"
"Scottsdale",2020-03-12,-0.22,"Arizona","United States"
"Los Angeles",2020-03-12,-0.38,"California","United States"
"San Diego",2020-03-12,-0.43,"California","United States"
"San Francisco",2020-03-12,-0.51,"California","United States"
"Denver",2020-03-12,-0.17,"Colorado","United States"
"Washington",2020-03-12,-0.38,"District of Columbia","United States"
"Fort Lauderdale",2020-03-12,-0.25,"Florida","United States"
"Miami",2020-03-12,-0.22,"Florida","United States"
"Miami Beach",2020-03-12,-0.22,"Florida","United States"
"Naples",2020-03-12,-0.17,"Florida","United States"
"Orlando",2020-03-12,-0.3,"Florida","United States"
"Tampa",2020-03-12,-0.16,"Florida","United States"
"Atlanta",2020-03-12,-0.26,"Georgia","United States"
"Honolulu",2020-03-12,-0.2,"Hawaii","United States"
"Chicago",2020-03-12,-0.31,"Illinois","United States"
"Indianapolis",2020-03-12,-0.35,"Indiana","United States"
"Louisville",2020-03-12,-0.3,"Kentucky","United States"
"New Orleans",2020-03-12,-0.28,"Louisiana","United States"
"Baltimore",2020-03-12,-0.3,"Maryland","United States"
"Boston",2020-03-12,-0.47,"Massachusetts","United States"
"Minneapolis",2020-03-12,-0.28,"Minnesota","United States"
"Las Vegas",2020-03-12,-0.2,"Nevada","United States"
"New York",2020-03-12,-0.52,"New York","United States"
"Charlotte",2020-03-12,-0.3,"North Carolina","United States"
"Raleigh",2020-03-12,-0.21,"North Carolina","United States"
"Cincinnati",2020-03-12,-0.19,"Ohio","United States"
"Columbus",2020-03-12,-0.37,"Ohio","United States"
"Portland",2020-03-12,-0.32,"Oregon","United States"
"Philadelphia",2020-03-12,-0.39,"Pennsylvania","United States"
"Pittsburgh",2020-03-12,-0.42,"Pennsylvania","United States"
"Nashville",2020-03-12,-0.3,"Tennessee","United States"
"Austin",2020-03-12,-0.27,"Texas","United States"
"Dallas",2020-03-12,-0.25,"Texas","United States"
"Houston",2020-03-12,-0.24,"Texas","United States"
"San Antonio",2020-03-12,-0.28,"Texas","United States"
"Seattle",2020-03-12,-0.58,"Washington","United States"
"Calgary",2020-03-11,-0.07,"Alberta","Canada"
"Edmonton",2020-03-11,-0.1,"Alberta","Canada"
"Vancouver",2020-03-11,-0.17,"British Columbia","Canada"
"Toronto",2020-03-11,-0.28,"Ontario","Canada"
"Montréal",2020-03-11,-0.26,"Quebec","Canada"
"Hamburg",2020-03-11,-0.05,"","Germany"
"München",2020-03-11,-0.21,"","Germany"
"Dublin",2020-03-11,-0.3,"","Ireland"
"Ciudad de México",2020-03-11,-0.18,"Mexico City","Mexico"
"San Pedro Garza García",2020-03-11,-0.11,"Nuevo Leon","Mexico"
"London",2020-03-11,-0.19,"","United Kingdom"
"Phoenix",2020-03-11,-0.28,"Arizona","United States"
"Scottsdale",2020-03-11,-0.23,"Arizona","United States"
"Los Angeles",2020-03-11,-0.26,"California","United States"
"San Diego",2020-03-11,-0.31,"California","United States"
"San Francisco",2020-03-11,-0.43,"California","United States"
"Denver",2020-03-11,-0.04,"Colorado","United States"
"Washington",2020-03-11,-0.22,"District of Columbia","United States"
"Fort Lauderdale",2020-03-11,-0.15,"Florida","United States"
"Miami",2020-03-11,-0.18,"Florida","United States"
"Miami Beach",2020-03-11,-0.2,"Florida","United States"
"Naples",2020-03-11,-0.13,"Florida","United States"
"Orlando",2020-03-11,-0.3,"Florida","United States"
"Tampa",2020-03-11,-0.14,"Florida","United States"
"Atlanta",2020-03-11,-0.14,"Georgia","United States"
"Honolulu",2020-03-11,-0.17,"Hawaii","United States"
"Chicago",2020-03-11,-0.27,"Illinois","United States"
"Indianapolis",2020-03-11,-0.25,"Indiana","United States"
"Louisville",2020-03-11,-0.24,"Kentucky","United States"
"New Orleans",2020-03-11,-0.21,"Louisiana","United States"
"Baltimore",2020-03-11,-0.22,"Maryland","United States"
"Boston",2020-03-11,-0.3,"Massachusetts","United States"
"Minneapolis",2020-03-11,-0.17,"Minnesota","United States"
"Las Vegas",2020-03-11,-0.13,"Nevada","United States"
"New York",2020-03-11,-0.36,"New York","United States"
"Charlotte",2020-03-11,-0.18,"North Carolina","United States"
"Raleigh",2020-03-11,-0.15,"North Carolina","United States"
"Cincinnati",2020-03-11,-0.2,"Ohio","United States"
"Columbus",2020-03-11,-0.19,"Ohio","United States"
"Portland",2020-03-11,-0.2,"Oregon","United States"
"Philadelphia",2020-03-11,-0.16,"Pennsylvania","United States"
"Pittsburgh",2020-03-11,-0.24,"Pennsylvania","United States"
"Nashville",2020-03-11,-0.21,"Tennessee","United States"
"Austin",2020-03-11,-0.3,"Texas","United States"
"Dallas",2020-03-11,-0.12,"Texas","United States"
"Houston",2020-03-11,-0.08,"Texas","United States"
"San Antonio",2020-03-11,-0.27,"Texas","United States"
"Seattle",2020-03-11,-0.54,"Washington","United States"
"Calgary",2020-03-10,-0.08,"Alberta","Canada"
"Edmonton",2020-03-10,-0.14,"Alberta","Canada"
"Vancouver",2020-03-10,-0.06,"British Columbia","Canada"
"Toronto",2020-03-10,-0.21,"Ontario","Canada"
"Montréal",2020-03-10,-0.22,"Quebec","Canada"
"Hamburg",2020-03-10,-0.16,"","Germany"
"München",2020-03-10,-0.19,"","Germany"
"Dublin",2020-03-10,-0.29,"","Ireland"
"Ciudad de México",2020-03-10,-0.16,"Mexico City","Mexico"
"San Pedro Garza García",2020-03-10,0.01,"Nuevo Leon","Mexico"
"London",2020-03-10,-0.23,"","United Kingdom"
"Phoenix",2020-03-10,-0.13,"Arizona","United States"
"Scottsdale",2020-03-10,-0.16,"Arizona","United States"
"Los Angeles",2020-03-10,-0.23,"California","United States"
"San Diego",2020-03-10,-0.34,"California","United States"
"San Francisco",2020-03-10,-0.43,"California","United States"
"Denver",2020-03-10,-0.19,"Colorado","United States"
"Washington",2020-03-10,-0.18,"District of Columbia","United States"
"Fort Lauderdale",2020-03-10,-0.19,"Florida","United States"
"Miami",2020-03-10,-0.15,"Florida","United States"
"Miami Beach",2020-03-10,-0.17,"Florida","United States"
"Naples",2020-03-10,-0.14,"Florida","United States"
"Orlando",2020-03-10,-0.37,"Florida","United States"
"Tampa",2020-03-10,-0.15,"Florida","United States"
"Atlanta",2020-03-10,-0.14,"Georgia","United States"
"Honolulu",2020-03-10,-0.16,"Hawaii","United States"
"Chicago",2020-03-10,-0.23,"Illinois","United States"
"Indianapolis",2020-03-10,-0.2,"Indiana","United States"
"Louisville",2020-03-10,-0.21,"Kentucky","United States"
"New Orleans",2020-03-10,-0.13,"Louisiana","United States"
"Baltimore",2020-03-10,-0.34,"Maryland","United States"
"Boston",2020-03-10,-0.29,"Massachusetts","United States"
"Minneapolis",2020-03-10,-0.14,"Minnesota","United States"
"Las Vegas",2020-03-10,-0.19,"Nevada","United States"
"New York",2020-03-10,-0.3,"New York","United States"
"Charlotte",2020-03-10,-0.12,"North Carolina","United States"
"Raleigh",2020-03-10,-0.18,"North Carolina","United States"
"Cincinnati",2020-03-10,-0.13,"Ohio","United States"
"Columbus",2020-03-10,-0.19,"Ohio","United States"
"Portland",2020-03-10,-0.07,"Oregon","United States"
"Philadelphia",2020-03-10,-0.14,"Pennsylvania","United States"
"Pittsburgh",2020-03-10,-0.31,"Pennsylvania","United States"
"Nashville",2020-03-10,-0.07,"Tennessee","United States"
"Austin",2020-03-10,-0.31,"Texas","United States"
"Dallas",2020-03-10,-0.1,"Texas","United States"
"Houston",2020-03-10,-0.17,"Texas","United States"
"San Antonio",2020-03-10,-0.22,"Texas","United States"
"Seattle",2020-03-10,-0.49,"Washington","United States"
"Calgary",2020-03-09,-0.11,"Alberta","Canada"
"Edmonton",2020-03-09,-0.19,"Alberta","Canada"
"Vancouver",2020-03-09,0.01,"British Columbia","Canada"
"Toronto",2020-03-09,-0.18,"Ontario","Canada"
"Montréal",2020-03-09,-0.14,"Quebec","Canada"
"Hamburg",2020-03-09,-0.13,"","Germany"
"München",2020-03-09,-0.15,"","Germany"
"Dublin",2020-03-09,-0.11,"","Ireland"
"Ciudad de México",2020-03-09,-0.29,"Mexico City","Mexico"
"San Pedro Garza García",2020-03-09,-0.22,"Nuevo Leon","Mexico"
"London",2020-03-09,-0.22,"","United Kingdom"
"Phoenix",2020-03-09,-0.18,"Arizona","United States"
"Scottsdale",2020-03-09,-0.04,"Arizona","United States"
"Los Angeles",2020-03-09,-0.27,"California","United States"
"San Diego",2020-03-09,-0.13,"California","United States"
"San Francisco",2020-03-09,-0.41,"California","United States"
"Denver",2020-03-09,-0.2,"Colorado","United States"
"Washington",2020-03-09,-0.09,"District of Columbia","United States"
"Fort Lauderdale",2020-03-09,-0.15,"Florida","United States"
"Miami",2020-03-09,-0.09,"Florida","United States"
"Miami Beach",2020-03-09,-0.11,"Florida","United States"
"Naples",2020-03-09,-0.18,"Florida","United States"
"Orlando",2020-03-09,-0.34,"Florida","United States"
"Tampa",2020-03-09,0,"Florida","United States"
"Atlanta",2020-03-09,0.01,"Georgia","United States"
"Honolulu",2020-03-09,-0.15,"Hawaii","United States"
"Chicago",2020-03-09,-0.25,"Illinois","United States"
"Indianapolis",2020-03-09,-0.29,"Indiana","United States"
"Louisville",2020-03-09,-0.22,"Kentucky","United States"
"New Orleans",2020-03-09,-0.13,"Louisiana","United States"
"Baltimore",2020-03-09,-0.17,"Maryland","United States"
"Boston",2020-03-09,-0.14,"Massachusetts","United States"
"Minneapolis",2020-03-09,-0.19,"Minnesota","United States"
"Las Vegas",2020-03-09,-0.11,"Nevada","United States"
"New York",2020-03-09,-0.18,"New York","United States"
"Charlotte",2020-03-09,-0.08,"North Carolina","United States"
"Raleigh",2020-03-09,-0.18,"North Carolina","United States"
"Cincinnati",2020-03-09,-0.18,"Ohio","United States"
"Columbus",2020-03-09,-0.26,"Ohio","United States"
"Portland",2020-03-09,-0.16,"Oregon","United States"
"Philadelphia",2020-03-09,-0.07,"Pennsylvania","United States"
"Pittsburgh",2020-03-09,-0.13,"Pennsylvania","United States"
"Nashville",2020-03-09,-0.13,"Tennessee","United States"
"Austin",2020-03-09,-0.41,"Texas","United States"
"Dallas",2020-03-09,-0.15,"Texas","United States"
"Houston",2020-03-09,-0.14,"Texas","United States"
"San Antonio",2020-03-09,-0.32,"Texas","United States"
"Seattle",2020-03-09,-0.47,"Washington","United States"
"Calgary",2020-03-08,-0.04,"Alberta","Canada"
"Edmonton",2020-03-08,0.04,"Alberta","Canada"
"Vancouver",2020-03-08,-0.01,"British Columbia","Canada"
"Toronto",2020-03-08,0.05,"Ontario","Canada"
"Montréal",2020-03-08,0.38,"Quebec","Canada"
"Hamburg",2020-03-08,0,"","Germany"
"München",2020-03-08,-0.09,"","Germany"
"Dublin",2020-03-08,-0.07,"","Ireland"
"Ciudad de México",2020-03-08,-0.09,"Mexico City","Mexico"
"San Pedro Garza García",2020-03-08,-0.03,"Nuevo Leon","Mexico"
"London",2020-03-08,-0.07,"","United Kingdom"
"Phoenix",2020-03-08,-0.08,"Arizona","United States"
"Scottsdale",2020-03-08,-0.1,"Arizona","United States"
"Los Angeles",2020-03-08,-0.15,"California","United States"
"San Diego",2020-03-08,-0.07,"California","United States"
"San Francisco",2020-03-08,-0.26,"California","United States"
"Denver",2020-03-08,0.02,"Colorado","United States"
"Washington",2020-03-08,0,"District of Columbia","United States"
"Fort Lauderdale",2020-03-08,-0.14,"Florida","United States"
"Miami",2020-03-08,0.1,"Florida","United States"
"Miami Beach",2020-03-08,-0.1,"Florida","United States"
"Naples",2020-03-08,-0.06,"Florida","United States"
"Orlando",2020-03-08,-0.08,"Florida","United States"
"Tampa",2020-03-08,-0.02,"Florida","United States"
"Atlanta",2020-03-08,0.13,"Georgia","United States"
"Honolulu",2020-03-08,-0.18,"Hawaii","United States"
"Chicago",2020-03-08,0.13,"Illinois","United States"
"Indianapolis",2020-03-08,-0.01,"Indiana","United States"
"Louisville",2020-03-08,0.03,"Kentucky","United States"
"New Orleans",2020-03-08,-0.03,"Louisiana","United States"
"Baltimore",2020-03-08,-0.04,"Maryland","United States"
"Boston",2020-03-08,0.1,"Massachusetts","United States"
"Minneapolis",2020-03-08,0.23,"Minnesota","United States"
"Las Vegas",2020-03-08,-0.08,"Nevada","United States"
"New York",2020-03-08,-0.04,"New York","United States"
"Charlotte",2020-03-08,-0.1,"North Carolina","United States"
"Raleigh",2020-03-08,-0.11,"North Carolina","United States"
"Cincinnati",2020-03-08,-0.23,"Ohio","United States"
"Columbus",2020-03-08,0.03,"Ohio","United States"
"Portland",2020-03-08,0.05,"Oregon","United States"
"Philadelphia",2020-03-08,0.03,"Pennsylvania","United States"
"Pittsburgh",2020-03-08,0.01,"Pennsylvania","United States"
"Nashville",2020-03-08,-0.04,"Tennessee","United States"
"Austin",2020-03-08,-0.23,"Texas","United States"
"Dallas",2020-03-08,-0.02,"Texas","United States"
"Houston",2020-03-08,0.07,"Texas","United States"
"San Antonio",2020-03-08,-0.23,"Texas","United States"
"Seattle",2020-03-08,-0.25,"Washington","United States"
"Calgary",2020-03-07,-0.1,"Alberta","Canada"
"Edmonton",2020-03-07,-0.14,"Alberta","Canada"
"Vancouver",2020-03-07,-0.15,"British Columbia","Canada"
"Toronto",2020-03-07,-0.07,"Ontario","Canada"
"Montréal",2020-03-07,0.14,"Quebec","Canada"
"Hamburg",2020-03-07,0.04,"","Germany"
"München",2020-03-07,0.13,"","Germany"
"Dublin",2020-03-07,-0.04,"","Ireland"
"Ciudad de México",2020-03-07,-0.01,"Mexico City","Mexico"
"San Pedro Garza García",2020-03-07,0.19,"Nuevo Leon","Mexico"
"London",2020-03-07,-0.07,"","United Kingdom"
"Phoenix",2020-03-07,-0.06,"Arizona","United States"
"Scottsdale",2020-03-07,-0.01,"Arizona","United States"
"Los Angeles",2020-03-07,-0.02,"California","United States"
"San Diego",2020-03-07,-0.01,"California","United States"
"San Francisco",2020-03-07,-0.18,"California","United States"
"Denver",2020-03-07,-0.06,"Colorado","United States"
"Washington",2020-03-07,0.01,"District of Columbia","United States"
"Fort Lauderdale",2020-03-07,-0.03,"Florida","United States"
"Miami",2020-03-07,-0.02,"Florida","United States"
"Miami Beach",2020-03-07,-0.03,"Florida","United States"
"Naples",2020-03-07,0.02,"Florida","United States"
"Orlando",2020-03-07,0.01,"Florida","United States"
"Tampa",2020-03-07,0,"Florida","United States"
"Atlanta",2020-03-07,0.01,"Georgia","United States"
"Honolulu",2020-03-07,-0.09,"Hawaii","United States"
"Chicago",2020-03-07,0.04,"Illinois","United States"
"Indianapolis",2020-03-07,0.01,"Indiana","United States"
"Louisville",2020-03-07,-0.05,"Kentucky","United States"
"New Orleans",2020-03-07,0.03,"Louisiana","United States"
"Baltimore",2020-03-07,0.14,"Maryland","United States"
"Boston",2020-03-07,-0.01,"Massachusetts","United States"
"Minneapolis",2020-03-07,0.61,"Minnesota","United States"
"Las Vegas",2020-03-07,-0.07,"Nevada","United States"
"New York",2020-03-07,-0.1,"New York","United States"
"Charlotte",2020-03-07,-0.05,"North Carolina","United States"
"Raleigh",2020-03-07,-0.09,"North Carolina","United States"
"Cincinnati",2020-03-07,-0.14,"Ohio","United States"
"Columbus",2020-03-07,-0.05,"Ohio","United States"
"Portland",2020-03-07,-0.03,"Oregon","United States"
"Philadelphia",2020-03-07,0.01,"Pennsylvania","United States"
"Pittsburgh",2020-03-07,0.09,"Pennsylvania","United States"
"Nashville",2020-03-07,0.05,"Tennessee","United States"
"Austin",2020-03-07,-0.13,"Texas","United States"
"Dallas",2020-03-07,-0.01,"Texas","United States"
"Houston",2020-03-07,0.1,"Texas","United States"
"San Antonio",2020-03-07,-0.15,"Texas","United States"
"Seattle",2020-03-07,-0.35,"Washington","United States"
"Calgary",2020-03-06,0.02,"Alberta","Canada"
"Edmonton",2020-03-06,0.05,"Alberta","Canada"
"Vancouver",2020-03-06,-0.05,"British Columbia","Canada"
"Toronto",2020-03-06,-0.15,"Ontario","Canada"
"Montréal",2020-03-06,0.07,"Quebec","Canada"
"Hamburg",2020-03-06,-0.03,"","Germany"
"München",2020-03-06,-0.06,"","Germany"
"Dublin",2020-03-06,-0.1,"","Ireland"
"Ciudad de México",2020-03-06,-0.08,"Mexico City","Mexico"
"San Pedro Garza García",2020-03-06,-0.01,"Nuevo Leon","Mexico"
"London",2020-03-06,-0.07,"","United Kingdom"
"Phoenix",2020-03-06,-0.07,"Arizona","United States"
"Scottsdale",2020-03-06,-0.02,"Arizona","United States"
"Los Angeles",2020-03-06,0.01,"California","United States"
"San Diego",2020-03-06,-0.01,"California","United States"
"San Francisco",2020-03-06,-0.18,"California","United States"
"Denver",2020-03-06,-0.09,"Colorado","United States"
"Washington",2020-03-06,-0.05,"District of Columbia","United States"
"Fort Lauderdale",2020-03-06,-0.13,"Florida","United States"
"Miami",2020-03-06,-0.11,"Florida","United States"
"Miami Beach",2020-03-06,-0.08,"Florida","United States"
"Naples",2020-03-06,0,"Florida","United States"
"Orlando",2020-03-06,-0.01,"Florida","United States"
"Tampa",2020-03-06,-0.01,"Florida","United States"
"Atlanta",2020-03-06,-0.02,"Georgia","United States"
"Honolulu",2020-03-06,-0.12,"Hawaii","United States"
"Chicago",2020-03-06,-0.08,"Illinois","United States"
"Indianapolis",2020-03-06,0,"Indiana","United States"
"Louisville",2020-03-06,-0.07,"Kentucky","United States"
"New Orleans",2020-03-06,0.06,"Louisiana","United States"
"Baltimore",2020-03-06,0.08,"Maryland","United States"
"Boston",2020-03-06,0.07,"Massachusetts","United States"
"Minneapolis",2020-03-06,-0.06,"Minnesota","United States"
"Las Vegas",2020-03-06,-0.08,"Nevada","United States"
"New York",2020-03-06,-0.15,"New York","United States"
"Charlotte",2020-03-06,0.04,"North Carolina","United States"
"Raleigh",2020-03-06,-0.09,"North Carolina","United States"
"Cincinnati",2020-03-06,-0.21,"Ohio","United States"
"Columbus",2020-03-06,-0.09,"Ohio","United States"
"Portland",2020-03-06,0,"Oregon","United States"
"Philadelphia",2020-03-06,-0.07,"Pennsylvania","United States"
"Pittsburgh",2020-03-06,-0.17,"Pennsylvania","United States"
"Nashville",2020-03-06,0,"Tennessee","United States"
"Austin",2020-03-06,0,"Texas","United States"
"Dallas",2020-03-06,0.03,"Texas","United States"
"Houston",2020-03-06,0.06,"Texas","United States"
"San Antonio",2020-03-06,-0.08,"Texas","United States"
"Seattle",2020-03-06,-0.34,"Washington","United States"
"Calgary",2020-03-05,-0.02,"Alberta","Canada"
"Edmonton",2020-03-05,-0.14,"Alberta","Canada"
"Vancouver",2020-03-05,-0.02,"British Columbia","Canada"
"Toronto",2020-03-05,-0.02,"Ontario","Canada"
"Montréal",2020-03-05,0,"Quebec","Canada"
"Hamburg",2020-03-05,-0.08,"","Germany"
"München",2020-03-05,0.05,"","Germany"
"Dublin",2020-03-05,-0.11,"","Ireland"
"Ciudad de México",2020-03-05,-0.09,"Mexico City","Mexico"
"San Pedro Garza García",2020-03-05,-0.05,"Nuevo Leon","Mexico"
"London",2020-03-05,-0.13,"","United Kingdom"
"Phoenix",2020-03-05,-0.08,"Arizona","United States"
"Scottsdale",2020-03-05,-0.04,"Arizona","United States"
"Los Angeles",2020-03-05,-0.05,"California","United States"
"San Diego",2020-03-05,-0.01,"California","United States"
"San Francisco",2020-03-05,-0.22,"California","United States"
"Denver",2020-03-05,-0.1,"Colorado","United States"
"Washington",2020-03-05,-0.04,"District of Columbia","United States"
"Fort Lauderdale",2020-03-05,-0.11,"Florida","United States"
"Miami",2020-03-05,-0.02,"Florida","United States"
"Miami Beach",2020-03-05,-0.16,"Florida","United States"
"Naples",2020-03-05,-0.01,"Florida","United States"
"Orlando",2020-03-05,-0.02,"Florida","United States"
"Tampa",2020-03-05,-0.01,"Florida","United States"
"Atlanta",2020-03-05,-0.09,"Georgia","United States"
"Honolulu",2020-03-05,-0.13,"Hawaii","United States"
"Chicago",2020-03-05,-0.11,"Illinois","United States"
"Indianapolis",2020-03-05,0.02,"Indiana","United States"
"Louisville",2020-03-05,-0.07,"Kentucky","United States"
"New Orleans",2020-03-05,0.05,"Louisiana","United States"
"Baltimore",2020-03-05,0.08,"Maryland","United States"
"Boston",2020-03-05,0.11,"Massachusetts","United States"
"Minneapolis",2020-03-05,-0.13,"Minnesota","United States"
"Las Vegas",2020-03-05,-0.09,"Nevada","United States"
"New York",2020-03-05,-0.09,"New York","United States"
"Charlotte",2020-03-05,-0.07,"North Carolina","United States"
"Raleigh",2020-03-05,-0.13,"North Carolina","United States"
"Cincinnati",2020-03-05,-0.06,"Ohio","United States"
"Columbus",2020-03-05,-0.1,"Ohio","United States"
"Portland",2020-03-05,0.03,"Oregon","United States"
"Philadelphia",2020-03-05,0.08,"Pennsylvania","United States"
"Pittsburgh",2020-03-05,-0.1,"Pennsylvania","United States"
"Nashville",2020-03-05,-0.03,"Tennessee","United States"
"Austin",2020-03-05,-0.06,"Texas","United States"
"Dallas",2020-03-05,0,"Texas","United States"
"Houston",2020-03-05,0.07,"Texas","United States"
"San Antonio",2020-03-05,-0.06,"Texas","United States"
"Seattle",2020-03-05,-0.36,"Washington","United States"
"Calgary",2020-03-04,-0.04,"Alberta","Canada"
"Edmonton",2020-03-04,0.06,"Alberta","Canada"
"Vancouver",2020-03-04,-0.06,"British Columbia","Canada"
"Toronto",2020-03-04,-0.02,"Ontario","Canada"
"Montréal",2020-03-04,0.07,"Quebec","Canada"
"Hamburg",2020-03-04,-0.05,"","Germany"
"München",2020-03-04,0.08,"","Germany"
"Dublin",2020-03-04,-0.02,"","Ireland"
"Ciudad de México",2020-03-04,-0.04,"Mexico City","Mexico"
"San Pedro Garza García",2020-03-04,0.09,"Nuevo Leon","Mexico"
"London",2020-03-04,-0.1,"","United Kingdom"
"Phoenix",2020-03-04,-0.08,"Arizona","United States"
"Scottsdale",2020-03-04,0.01,"Arizona","United States"
"Los Angeles",2020-03-04,0.07,"California","United States"
"San Diego",2020-03-04,-0.03,"California","United States"
"San Francisco",2020-03-04,-0.24,"California","United States"
"Denver",2020-03-04,-0.03,"Colorado","United States"
"Washington",2020-03-04,0.08,"District of Columbia","United States"
"Fort Lauderdale",2020-03-04,-0.08,"Florida","United States"
"Miami",2020-03-04,-0.06,"Florida","United States"
"Miami Beach",2020-03-04,-0.15,"Florida","United States"
"Naples",2020-03-04,-0.07,"Florida","United States"
"Orlando",2020-03-04,-0.18,"Florida","United States"
"Tampa",2020-03-04,0.1,"Florida","United States"
"Atlanta",2020-03-04,-0.11,"Georgia","United States"
"Honolulu",2020-03-04,-0.11,"Hawaii","United States"
"Chicago",2020-03-04,-0.1,"Illinois","United States"
"Indianapolis",2020-03-04,0.03,"Indiana","United States"
"Louisville",2020-03-04,-0.15,"Kentucky","United States"
"New Orleans",2020-03-04,-0.32,"Louisiana","United States"
"Baltimore",2020-03-04,0.23,"Maryland","United States"
"Boston",2020-03-04,-0.04,"Massachusetts","United States"
"Minneapolis",2020-03-04,0.06,"Minnesota","United States"
"Las Vegas",2020-03-04,-0.13,"Nevada","United States"
"New York",2020-03-04,-0.12,"New York","United States"
"Charlotte",2020-03-04,-0.01,"North Carolina","United States"
"Raleigh",2020-03-04,-0.08,"North Carolina","United States"
"Cincinnati",2020-03-04,-0.09,"Ohio","United States"
"Columbus",2020-03-04,-0.11,"Ohio","United States"
"Portland",2020-03-04,-0.01,"Oregon","United States"
"Philadelphia",2020-03-04,0.06,"Pennsylvania","United States"
"Pittsburgh",2020-03-04,-0.02,"Pennsylvania","United States"
"Nashville",2020-03-04,0.02,"Tennessee","United States"
"Austin",2020-03-04,-0.11,"Texas","United States"
"Dallas",2020-03-04,-0.08,"Texas","United States"
"Houston",2020-03-04,-0.08,"Texas","United States"
"San Antonio",2020-03-04,-0.1,"Texas","United States"
"Seattle",2020-03-04,-0.31,"Washington","United States"
"Calgary",2020-03-03,-0.09,"Alberta","Canada"
"Edmonton",2020-03-03,0.11,"Alberta","Canada"
"Vancouver",2020-03-03,-0.06,"British Columbia","Canada"
"Toronto",2020-03-03,-0.09,"Ontario","Canada"
"Montréal",2020-03-03,-0.21,"Quebec","Canada"
"Hamburg",2020-03-03,0.01,"","Germany"
"München",2020-03-03,-0.02,"","Germany"
"Dublin",2020-03-03,-0.09,"","Ireland"
"Ciudad de México",2020-03-03,-0.08,"Mexico City","Mexico"
"San Pedro Garza García",2020-03-03,0.14,"Nuevo Leon","Mexico"
"London",2020-03-03,-0.1,"","United Kingdom"
"Phoenix",2020-03-03,-0.21,"Arizona","United States"
"Scottsdale",2020-03-03,-0.06,"Arizona","United States"
"Los Angeles",2020-03-03,0.04,"California","United States"
"San Diego",2020-03-03,-0.02,"California","United States"
"San Francisco",2020-03-03,-0.24,"California","United States"
"Denver",2020-03-03,-0.09,"Colorado","United States"
"Washington",2020-03-03,-0.08,"District of Columbia","United States"
"Fort Lauderdale",2020-03-03,-0.15,"Florida","United States"
"Miami",2020-03-03,-0.15,"Florida","United States"
"Miami Beach",2020-03-03,-0.08,"Florida","United States"
"Naples",2020-03-03,-0.05,"Florida","United States"
"Orlando",2020-03-03,-0.18,"Florida","United States"
"Tampa",2020-03-03,0.03,"Florida","United States"
"Atlanta",2020-03-03,-0.21,"Georgia","United States"
"Honolulu",2020-03-03,-0.09,"Hawaii","United States"
"Chicago",2020-03-03,-0.16,"Illinois","United States"
"Indianapolis",2020-03-03,-0.07,"Indiana","United States"
"Louisville",2020-03-03,-0.13,"Kentucky","United States"
"New Orleans",2020-03-03,-0.59,"Louisiana","United States"
"Baltimore",2020-03-03,-0.05,"Maryland","United States"
"Boston",2020-03-03,-0.1,"Massachusetts","United States"
"Minneapolis",2020-03-03,-0.03,"Minnesota","United States"
"Las Vegas",2020-03-03,-0.31,"Nevada","United States"
"New York",2020-03-03,-0.12,"New York","United States"
"Charlotte",2020-03-03,-0.08,"North Carolina","United States"
"Raleigh",2020-03-03,-0.09,"North Carolina","United States"
"Cincinnati",2020-03-03,-0.16,"Ohio","United States"
"Columbus",2020-03-03,-0.09,"Ohio","United States"
"Portland",2020-03-03,-0.03,"Oregon","United States"
"Philadelphia",2020-03-03,0.04,"Pennsylvania","United States"
"Pittsburgh",2020-03-03,-0.11,"Pennsylvania","United States"
"Nashville",2020-03-03,-0.14,"Tennessee","United States"
"Austin",2020-03-03,-0.08,"Texas","United States"
"Dallas",2020-03-03,-0.06,"Texas","United States"
"Houston",2020-03-03,-0.08,"Texas","United States"
"San Antonio",2020-03-03,-0.22,"Texas","United States"
"Seattle",2020-03-03,-0.31,"Washington","United States"
"Calgary",2020-03-02,-0.11,"Alberta","Canada"
"Edmonton",2020-03-02,-0.05,"Alberta","Canada"
"Vancouver",2020-03-02,-0.1,"British Columbia","Canada"
"Toronto",2020-03-02,-0.1,"Ontario","Canada"
"Montréal",2020-03-02,-0.32,"Quebec","Canada"
"Hamburg",2020-03-02,-0.05,"","Germany"
"München",2020-03-02,0.09,"","Germany"
"Dublin",2020-03-02,-0.03,"","Ireland"
"Ciudad de México",2020-03-02,-0.08,"Mexico City","Mexico"
"San Pedro Garza García",2020-03-02,0.25,"Nuevo Leon","Mexico"
"London",2020-03-02,-0.1,"","United Kingdom"
"Phoenix",2020-03-02,-0.13,"Arizona","United States"
"Scottsdale",2020-03-02,-0.07,"Arizona","United States"
"Los Angeles",2020-03-02,-0.01,"California","United States"
"San Diego",2020-03-02,0.04,"California","United States"
"San Francisco",2020-03-02,-0.22,"California","United States"
"Denver",2020-03-02,0.03,"Colorado","United States"
"Washington",2020-03-02,0,"District of Columbia","United States"
"Fort Lauderdale",2020-03-02,-0.12,"Florida","United States"
"Miami",2020-03-02,-0.13,"Florida","United States"
"Miami Beach",2020-03-02,-0.08,"Florida","United States"
"Naples",2020-03-02,-0.11,"Florida","United States"
"Orlando",2020-03-02,-0.18,"Florida","United States"
"Tampa",2020-03-02,0.12,"Florida","United States"
"Atlanta",2020-03-02,-0.17,"Georgia","United States"
"Honolulu",2020-03-02,-0.06,"Hawaii","United States"
"Chicago",2020-03-02,-0.21,"Illinois","United States"
"Indianapolis",2020-03-02,-0.05,"Indiana","United States"
"Louisville",2020-03-02,-0.06,"Kentucky","United States"
"New Orleans",2020-03-02,-0.47,"Louisiana","United States"
"Baltimore",2020-03-02,-0.19,"Maryland","United States"
"Boston",2020-03-02,0.01,"Massachusetts","United States"
"Minneapolis",2020-03-02,-0.19,"Minnesota","United States"
"Las Vegas",2020-03-02,-0.28,"Nevada","United States"
"New York",2020-03-02,-0.06,"New York","United States"
"Charlotte",2020-03-02,-0.02,"North Carolina","United States"
"Raleigh",2020-03-02,-0.06,"North Carolina","United States"
"Cincinnati",2020-03-02,-0.05,"Ohio","United States"
"Columbus",2020-03-02,-0.14,"Ohio","United States"
"Portland",2020-03-02,0.05,"Oregon","United States"
"Philadelphia",2020-03-02,0.13,"Pennsylvania","United States"
"Pittsburgh",2020-03-02,-0.12,"Pennsylvania","United States"
"Nashville",2020-03-02,0.02,"Tennessee","United States"
"Austin",2020-03-02,0,"Texas","United States"
"Dallas",2020-03-02,0.01,"Texas","United States"
"Houston",2020-03-02,0.02,"Texas","United States"
"San Antonio",2020-03-02,-0.06,"Texas","United States"
"Seattle",2020-03-02,-0.29,"Washington","United States"
"Calgary",2020-03-01,-0.09,"Alberta","Canada"
"Edmonton",2020-03-01,0.09,"Alberta","Canada"
"Vancouver",2020-03-01,-0.02,"British Columbia","Canada"
"Toronto",2020-03-01,-0.09,"Ontario","Canada"
"Montréal",2020-03-01,0.15,"Quebec","Canada"
"Hamburg",2020-03-01,-0.03,"","Germany"
"München",2020-03-01,0.19,"","Germany"
"Dublin",2020-03-01,0.04,"","Ireland"
"Ciudad de México",2020-03-01,-0.08,"Mexico City","Mexico"
"San Pedro Garza García",2020-03-01,0.08,"Nuevo Leon","Mexico"
"London",2020-03-01,-0.02,"","United Kingdom"
"Phoenix",2020-03-01,-0.11,"Arizona","United States"
"Scottsdale",2020-03-01,-0.04,"Arizona","United States"
"Los Angeles",2020-03-01,-0.03,"California","United States"
"San Diego",2020-03-01,-0.02,"California","United States"
"San Francisco",2020-03-01,-0.18,"California","United States"
"Denver",2020-03-01,0.38,"Colorado","United States"
"Washington",2020-03-01,0.06,"District of Columbia","United States"
"Fort Lauderdale",2020-03-01,-0.17,"Florida","United States"
"Miami",2020-03-01,-0.18,"Florida","United States"
"Miami Beach",2020-03-01,0.05,"Florida","United States"
"Naples",2020-03-01,0.05,"Florida","United States"
"Orlando",2020-03-01,0.04,"Florida","United States"
"Tampa",2020-03-01,-0.15,"Florida","United States"
"Atlanta",2020-03-01,0.08,"Georgia","United States"
"Honolulu",2020-03-01,-0.09,"Hawaii","United States"
"Chicago",2020-03-01,0.01,"Illinois","United States"
"Indianapolis",2020-03-01,0.15,"Indiana","United States"
"Louisville",2020-03-01,0.13,"Kentucky","United States"
"New Orleans",2020-03-01,-0.27,"Louisiana","United States"
"Baltimore",2020-03-01,0.16,"Maryland","United States"
"Boston",2020-03-01,0.01,"Massachusetts","United States"
"Minneapolis",2020-03-01,0.14,"Minnesota","United States"
"Las Vegas",2020-03-01,-0.17,"Nevada","United States"
"New York",2020-03-01,-0.02,"New York","United States"
"Charlotte",2020-03-01,0.06,"North Carolina","United States"
"Raleigh",2020-03-01,0.01,"North Carolina","United States"
"Cincinnati",2020-03-01,0.04,"Ohio","United States"
"Columbus",2020-03-01,0.22,"Ohio","United States"
"Portland",2020-03-01,0.09,"Oregon","United States"
"Philadelphia",2020-03-01,0.21,"Pennsylvania","United States"
"Pittsburgh",2020-03-01,0.32,"Pennsylvania","United States"
"Nashville",2020-03-01,-0.03,"Tennessee","United States"
"Austin",2020-03-01,0.02,"Texas","United States"
"Dallas",2020-03-01,0.11,"Texas","United States"
"Houston",2020-03-01,0.02,"Texas","United States"
"San Antonio",2020-03-01,0,"Texas","United States"
"Seattle",2020-03-01,-0.18,"Washington","United States"
"Calgary",2020-02-29,0.04,"Alberta","Canada"
"Edmonton",2020-02-29,0.08,"Alberta","Canada"
"Vancouver",2020-02-29,0.01,"British Columbia","Canada"
"Toronto",2020-02-29,-0.05,"Ontario","Canada"
"Montréal",2020-02-29,0.13,"Quebec","Canada"
"Hamburg",2020-02-29,0,"","Germany"
"München",2020-02-29,0.06,"","Germany"
"Dublin",2020-02-29,-0.06,"","Ireland"
"Ciudad de México",2020-02-29,-0.08,"Mexico City","Mexico"
"San Pedro Garza García",2020-02-29,0.17,"Nuevo Leon","Mexico"
"London",2020-02-29,-0.04,"","United Kingdom"
"Phoenix",2020-02-29,-0.05,"Arizona","United States"
"Scottsdale",2020-02-29,0.02,"Arizona","United States"
"Los Angeles",2020-02-29,0.13,"California","United States"
"San Diego",2020-02-29,0.12,"California","United States"
"San Francisco",2020-02-29,-0.1,"California","United States"
"Denver",2020-02-29,0.27,"Colorado","United States"
"Washington",2020-02-29,0.02,"District of Columbia","United States"
"Fort Lauderdale",2020-02-29,-0.18,"Florida","United States"
"Miami",2020-02-29,0.04,"Florida","United States"
"Miami Beach",2020-02-29,0.05,"Florida","United States"
"Naples",2020-02-29,0,"Florida","United States"
"Orlando",2020-02-29,0.01,"Florida","United States"
"Tampa",2020-02-29,0.05,"Florida","United States"
"Atlanta",2020-02-29,0.01,"Georgia","United States"
"Honolulu",2020-02-29,-0.06,"Hawaii","United States"
"Chicago",2020-02-29,-0.03,"Illinois","United States"
"Indianapolis",2020-02-29,0.03,"Indiana","United States"
"Louisville",2020-02-29,0.02,"Kentucky","United States"
"New Orleans",2020-02-29,-0.16,"Louisiana","United States"
"Baltimore",2020-02-29,0.04,"Maryland","United States"
"Boston",2020-02-29,0.22,"Massachusetts","United States"
"Minneapolis",2020-02-29,0.11,"Minnesota","United States"
"Las Vegas",2020-02-29,-0.06,"Nevada","United States"
"New York",2020-02-29,-0.02,"New York","United States"
"Charlotte",2020-02-29,0,"North Carolina","United States"
"Raleigh",2020-02-29,-0.02,"North Carolina","United States"
"Cincinnati",2020-02-29,-0.11,"Ohio","United States"
"Columbus",2020-02-29,-0.15,"Ohio","United States"
"Portland",2020-02-29,0.04,"Oregon","United States"
"Philadelphia",2020-02-29,0.07,"Pennsylvania","United States"
"Pittsburgh",2020-02-29,0.05,"Pennsylvania","United States"
"Nashville",2020-02-29,0.03,"Tennessee","United States"
"Austin",2020-02-29,0.09,"Texas","United States"
"Dallas",2020-02-29,0.1,"Texas","United States"
"Houston",2020-02-29,-0.06,"Texas","United States"
"San Antonio",2020-02-29,-0.06,"Texas","United States"
"Seattle",2020-02-29,0,"Washington","United States"
"Calgary",2020-02-28,0.03,"Alberta","Canada"
"Edmonton",2020-02-28,0.11,"Alberta","Canada"
"Vancouver",2020-02-28,-0.01,"British Columbia","Canada"
"Toronto",2020-02-28,-0.16,"Ontario","Canada"
"Montréal",2020-02-28,-0.07,"Quebec","Canada"
"Hamburg",2020-02-28,0.12,"","Germany"
"München",2020-02-28,0.04,"","Germany"
"Dublin",2020-02-28,-0.09,"","Ireland"
"Ciudad de México",2020-02-28,-0.08,"Mexico City","Mexico"
"San Pedro Garza García",2020-02-28,-0.01,"Nuevo Leon","Mexico"
"London",2020-02-28,-0.01,"","United Kingdom"
"Phoenix",2020-02-28,0.07,"Arizona","United States"
"Scottsdale",2020-02-28,0.02,"Arizona","United States"
"Los Angeles",2020-02-28,0.08,"California","United States"
"San Diego",2020-02-28,0.03,"California","United States"
"San Francisco",2020-02-28,-0.08,"California","United States"
"Denver",2020-02-28,0.01,"Colorado","United States"
"Washington",2020-02-28,0.04,"District of Columbia","United States"
"Fort Lauderdale",2020-02-28,-0.07,"Florida","United States"
"Miami",2020-02-28,0,"Florida","United States"
"Miami Beach",2020-02-28,0,"Florida","United States"
"Naples",2020-02-28,0.02,"Florida","United States"
"Orlando",2020-02-28,0.05,"Florida","United States"
"Tampa",2020-02-28,0.1,"Florida","United States"
"Atlanta",2020-02-28,0.07,"Georgia","United States"
"Honolulu",2020-02-28,0,"Hawaii","United States"
"Chicago",2020-02-28,-0.08,"Illinois","United States"
"Indianapolis",2020-02-28,-0.08,"Indiana","United States"
"Louisville",2020-02-28,-0.13,"Kentucky","United States"
"New Orleans",2020-02-28,-0.21,"Louisiana","United States"
"Baltimore",2020-02-28,0.14,"Maryland","United States"
"Boston",2020-02-28,0.01,"Massachusetts","United States"
"Minneapolis",2020-02-28,0.39,"Minnesota","United States"
"Las Vegas",2020-02-28,-0.1,"Nevada","United States"
"New York",2020-02-28,0.01,"New York","United States"
"Charlotte",2020-02-28,0.13,"North Carolina","United States"
"Raleigh",2020-02-28,-0.04,"North Carolina","United States"
"Cincinnati",2020-02-28,-0.16,"Ohio","United States"
"Columbus",2020-02-28,-0.15,"Ohio","United States"
"Portland",2020-02-28,-0.04,"Oregon","United States"
"Philadelphia",2020-02-28,0.11,"Pennsylvania","United States"
"Pittsburgh",2020-02-28,-0.16,"Pennsylvania","United States"
"Nashville",2020-02-28,0.12,"Tennessee","United States"
"Austin",2020-02-28,0.08,"Texas","United States"
"Dallas",2020-02-28,0.06,"Texas","United States"
"Houston",2020-02-28,-0.06,"Texas","United States"
"San Antonio",2020-02-28,0.01,"Texas","United States"
"Seattle",2020-02-28,0.07,"Washington","United States"
"Calgary",2020-02-27,-0.04,"Alberta","Canada"
"Edmonton",2020-02-27,-0.04,"Alberta","Canada"
"Vancouver",2020-02-27,-0.05,"British Columbia","Canada"
"Toronto",2020-02-27,-0.17,"Ontario","Canada"
"Montréal",2020-02-27,0.01,"Quebec","Canada"
"Hamburg",2020-02-27,0.01,"","Germany"
"München",2020-02-27,-0.03,"","Germany"
"Dublin",2020-02-27,-0.04,"","Ireland"
"Ciudad de México",2020-02-27,-0.09,"Mexico City","Mexico"
"San Pedro Garza García",2020-02-27,0.05,"Nuevo Leon","Mexico"
"London",2020-02-27,-0.04,"","United Kingdom"
"Phoenix",2020-02-27,-0.02,"Arizona","United States"
"Scottsdale",2020-02-27,0.05,"Arizona","United States"
"Los Angeles",2020-02-27,0,"California","United States"
"San Diego",2020-02-27,0.04,"California","United States"
"San Francisco",2020-02-27,0.05,"California","United States"
"Denver",2020-02-27,-0.02,"Colorado","United States"
"Washington",2020-02-27,0.02,"District of Columbia","United States"
"Fort Lauderdale",2020-02-27,-0.11,"Florida","United States"
"Miami",2020-02-27,0,"Florida","United States"
"Miami Beach",2020-02-27,0.03,"Florida","United States"
"Naples",2020-02-27,0.02,"Florida","United States"
"Orlando",2020-02-27,0.21,"Florida","United States"
"Tampa",2020-02-27,0.05,"Florida","United States"
"Atlanta",2020-02-27,-0.04,"Georgia","United States"
"Honolulu",2020-02-27,0,"Hawaii","United States"
"Chicago",2020-02-27,-0.08,"Illinois","United States"
"Indianapolis",2020-02-27,-0.03,"Indiana","United States"
"Louisville",2020-02-27,-0.09,"Kentucky","United States"
"New Orleans",2020-02-27,-0.21,"Louisiana","United States"
"Baltimore",2020-02-27,-0.01,"Maryland","United States"
"Boston",2020-02-27,0.12,"Massachusetts","United States"
"Minneapolis",2020-02-27,0.29,"Minnesota","United States"
"Las Vegas",2020-02-27,-0.09,"Nevada","United States"
"New York",2020-02-27,-0.02,"New York","United States"
"Charlotte",2020-02-27,0.04,"North Carolina","United States"
"Raleigh",2020-02-27,-0.01,"North Carolina","United States"
"Cincinnati",2020-02-27,-0.15,"Ohio","United States"
"Columbus",2020-02-27,-0.15,"Ohio","United States"
"Portland",2020-02-27,0.04,"Oregon","United States"
"Philadelphia",2020-02-27,0.13,"Pennsylvania","United States"
"Pittsburgh",2020-02-27,-0.19,"Pennsylvania","United States"
"Nashville",2020-02-27,0.04,"Tennessee","United States"
"Austin",2020-02-27,0,"Texas","United States"
"Dallas",2020-02-27,-0.07,"Texas","United States"
"Houston",2020-02-27,0.01,"Texas","United States"
"San Antonio",2020-02-27,0.05,"Texas","United States"
"Seattle",2020-02-27,0.05,"Washington","United States"
"Calgary",2020-02-26,-0.03,"Alberta","Canada"
"Edmonton",2020-02-26,0.01,"Alberta","Canada"
"Vancouver",2020-02-26,0.01,"British Columbia","Canada"
"Toronto",2020-02-26,-0.06,"Ontario","Canada"
"Montréal",2020-02-26,0.04,"Quebec","Canada"
"Hamburg",2020-02-26,0.13,"","Germany"
"München",2020-02-26,-0.04,"","Germany"
"Dublin",2020-02-26,0,"","Ireland"
"Ciudad de México",2020-02-26,-0.1,"Mexico City","Mexico"
"San Pedro Garza García",2020-02-26,0,"Nuevo Leon","Mexico"
"London",2020-02-26,-0.01,"","United Kingdom"
"Phoenix",2020-02-26,-0.02,"Arizona","United States"
"Scottsdale",2020-02-26,0.02,"Arizona","United States"
"Los Angeles",2020-02-26,0.05,"California","United States"
"San Diego",2020-02-26,-0.03,"California","United States"
"San Francisco",2020-02-26,0.12,"California","United States"
"Denver",2020-02-26,-0.02,"Colorado","United States"
"Washington",2020-02-26,0.09,"District of Columbia","United States"
"Fort Lauderdale",2020-02-26,0.06,"Florida","United States"
"Miami",2020-02-26,-0.09,"Florida","United States"
"Miami Beach",2020-02-26,0.03,"Florida","United States"
"Naples",2020-02-26,0.07,"Florida","United States"
"Orlando",2020-02-26,0.14,"Florida","United States"
"Tampa",2020-02-26,0.05,"Florida","United States"
"Atlanta",2020-02-26,-0.03,"Georgia","United States"
"Honolulu",2020-02-26,0.07,"Hawaii","United States"
"Chicago",2020-02-26,-0.15,"Illinois","United States"
"Indianapolis",2020-02-26,-0.04,"Indiana","United States"
"Louisville",2020-02-26,-0.11,"Kentucky","United States"
"New Orleans",2020-02-26,0.09,"Louisiana","United States"
"Baltimore",2020-02-26,-0.04,"Maryland","United States"
"Boston",2020-02-26,0.01,"Massachusetts","United States"
"Minneapolis",2020-02-26,0.12,"Minnesota","United States"
"Las Vegas",2020-02-26,-0.17,"Nevada","United States"
"New York",2020-02-26,0.01,"New York","United States"
"Charlotte",2020-02-26,-0.03,"North Carolina","United States"
"Raleigh",2020-02-26,-0.05,"North Carolina","United States"
"Cincinnati",2020-02-26,-0.33,"Ohio","United States"
"Columbus",2020-02-26,-0.14,"Ohio","United States"
"Portland",2020-02-26,0.17,"Oregon","United States"
"Philadelphia",2020-02-26,0.1,"Pennsylvania","United States"
"Pittsburgh",2020-02-26,-0.1,"Pennsylvania","United States"
"Nashville",2020-02-26,-0.14,"Tennessee","United States"
"Austin",2020-02-26,-0.03,"Texas","United States"
"Dallas",2020-02-26,0.01,"Texas","United States"
"Houston",2020-02-26,0.09,"Texas","United States"
"San Antonio",2020-02-26,-0.05,"Texas","United States"
"Seattle",2020-02-26,0.03,"Washington","United States"
"Calgary",2020-02-25,0.01,"Alberta","Canada"
"Edmonton",2020-02-25,0.09,"Alberta","Canada"
"Vancouver",2020-02-25,0.03,"British Columbia","Canada"
"Toronto",2020-02-25,-0.07,"Ontario","Canada"
"Montréal",2020-02-25,0.21,"Quebec","Canada"
"Hamburg",2020-02-25,0.14,"","Germany"
"München",2020-02-25,0.08,"","Germany"
"Dublin",2020-02-25,-0.11,"","Ireland"
"Ciudad de México",2020-02-25,-0.02,"Mexico City","Mexico"
"San Pedro Garza García",2020-02-25,-0.05,"Nuevo Leon","Mexico"
"London",2020-02-25,-0.03,"","United Kingdom"
"Phoenix",2020-02-25,0.03,"Arizona","United States"
"Scottsdale",2020-02-25,0.11,"Arizona","United States"
"Los Angeles",2020-02-25,0.15,"California","United States"
"San Diego",2020-02-25,-0.02,"California","United States"
"San Francisco",2020-02-25,0.16,"California","United States"
"Denver",2020-02-25,-0.12,"Colorado","United States"
"Washington",2020-02-25,0.09,"District of Columbia","United States"
"Fort Lauderdale",2020-02-25,0.1,"Florida","United States"
"Miami",2020-02-25,0.01,"Florida","United States"
"Miami Beach",2020-02-25,0.26,"Florida","United States"
"Naples",2020-02-25,0.08,"Florida","United States"
"Orlando",2020-02-25,0,"Florida","United States"
"Tampa",2020-02-25,0.15,"Florida","United States"
"Atlanta",2020-02-25,0.01,"Georgia","United States"
"Honolulu",2020-02-25,0,"Hawaii","United States"
"Chicago",2020-02-25,-0.16,"Illinois","United States"
"Indianapolis",2020-02-25,0.16,"Indiana","United States"
"Louisville",2020-02-25,-0.05,"Kentucky","United States"
"New Orleans",2020-02-25,1.02,"Louisiana","United States"
"Baltimore",2020-02-25,0.09,"Maryland","United States"
"Boston",2020-02-25,0.03,"Massachusetts","United States"
"Minneapolis",2020-02-25,0.27,"Minnesota","United States"
"Las Vegas",2020-02-25,-0.03,"Nevada","United States"
"New York",2020-02-25,0.01,"New York","United States"
"Charlotte",2020-02-25,0.05,"North Carolina","United States"
"Raleigh",2020-02-25,-0.09,"North Carolina","United States"
"Cincinnati",2020-02-25,-0.07,"Ohio","United States"
"Columbus",2020-02-25,-0.17,"Ohio","United States"
"Portland",2020-02-25,-0.07,"Oregon","United States"
"Philadelphia",2020-02-25,-0.02,"Pennsylvania","United States"
"Pittsburgh",2020-02-25,-0.03,"Pennsylvania","United States"
"Nashville",2020-02-25,-0.12,"Tennessee","United States"
"Austin",2020-02-25,0.05,"Texas","United States"
"Dallas",2020-02-25,0.14,"Texas","United States"
"Houston",2020-02-25,0.07,"Texas","United States"
"San Antonio",2020-02-25,0.09,"Texas","United States"
"Seattle",2020-02-25,0,"Washington","United States"
"Calgary",2020-02-24,-0.04,"Alberta","Canada"
"Edmonton",2020-02-24,0,"Alberta","Canada"
"Vancouver",2020-02-24,0.01,"British Columbia","Canada"
"Toronto",2020-02-24,-0.08,"Ontario","Canada"
"Montréal",2020-02-24,0.13,"Quebec","Canada"
"Hamburg",2020-02-24,0.11,"","Germany"
"München",2020-02-24,-0.04,"","Germany"
"Dublin",2020-02-24,-0.12,"","Ireland"
"Ciudad de México",2020-02-24,0,"Mexico City","Mexico"
"San Pedro Garza García",2020-02-24,0.04,"Nuevo Leon","Mexico"
"London",2020-02-24,-0.03,"","United Kingdom"
"Phoenix",2020-02-24,0.07,"Arizona","United States"
"Scottsdale",2020-02-24,-0.03,"Arizona","United States"
"Los Angeles",2020-02-24,0.12,"California","United States"
"San Diego",2020-02-24,-0.11,"California","United States"
"San Francisco",2020-02-24,0.09,"California","United States"
"Denver",2020-02-24,-0.1,"Colorado","United States"
"Washington",2020-02-24,0.13,"District of Columbia","United States"
"Fort Lauderdale",2020-02-24,-0.05,"Florida","United States"
"Miami",2020-02-24,0.17,"Florida","United States"
"Miami Beach",2020-02-24,0.16,"Florida","United States"
"Naples",2020-02-24,-0.01,"Florida","United States"
"Orlando",2020-02-24,0.05,"Florida","United States"
"Tampa",2020-02-24,-0.06,"Florida","United States"
"Atlanta",2020-02-24,-0.06,"Georgia","United States"
"Honolulu",2020-02-24,0.05,"Hawaii","United States"
"Chicago",2020-02-24,-0.06,"Illinois","United States"
"Indianapolis",2020-02-24,0.1,"Indiana","United States"
"Louisville",2020-02-24,-0.05,"Kentucky","United States"
"New Orleans",2020-02-24,1.09,"Louisiana","United States"
"Baltimore",2020-02-24,0.2,"Maryland","United States"
"Boston",2020-02-24,0.05,"Massachusetts","United States"
"Minneapolis",2020-02-24,0.18,"Minnesota","United States"
"Las Vegas",2020-02-24,-0.02,"Nevada","United States"
"New York",2020-02-24,0.07,"New York","United States"
"Charlotte",2020-02-24,-0.06,"North Carolina","United States"
"Raleigh",2020-02-24,-0.11,"North Carolina","United States"
"Cincinnati",2020-02-24,-0.08,"Ohio","United States"
"Columbus",2020-02-24,0,"Ohio","United States"
"Portland",2020-02-24,0.14,"Oregon","United States"
"Philadelphia",2020-02-24,-0.02,"Pennsylvania","United States"
"Pittsburgh",2020-02-24,0.14,"Pennsylvania","United States"
"Nashville",2020-02-24,-0.14,"Tennessee","United States"
"Austin",2020-02-24,0.03,"Texas","United States"
"Dallas",2020-02-24,-0.02,"Texas","United States"
"Houston",2020-02-24,0.04,"Texas","United States"
"San Antonio",2020-02-24,-0.15,"Texas","United States"
"Seattle",2020-02-24,0.01,"Washington","United States"
"Calgary",2020-02-23,0.06,"Alberta","Canada"
"Edmonton",2020-02-23,0.1,"Alberta","Canada"
"Vancouver",2020-02-23,0.02,"British Columbia","Canada"
"Toronto",2020-02-23,0.12,"Ontario","Canada"
"Montréal",2020-02-23,0.42,"Quebec","Canada"
"Hamburg",2020-02-23,0.09,"","Germany"
"München",2020-02-23,-0.06,"","Germany"
"Dublin",2020-02-23,-0.06,"","Ireland"
"Ciudad de México",2020-02-23,0.02,"Mexico City","Mexico"
"San Pedro Garza García",2020-02-23,0.17,"Nuevo Leon","Mexico"
"London",2020-02-23,-0.04,"","United Kingdom"
"Phoenix",2020-02-23,0.01,"Arizona","United States"
"Scottsdale",2020-02-23,0.05,"Arizona","United States"
"Los Angeles",2020-02-23,0.29,"California","United States"
"San Diego",2020-02-23,-0.01,"California","United States"
"San Francisco",2020-02-23,-0.09,"California","United States"
"Denver",2020-02-23,-0.03,"Colorado","United States"
"Washington",2020-02-23,0.16,"District of Columbia","United States"
"Fort Lauderdale",2020-02-23,-0.08,"Florida","United States"
"Miami",2020-02-23,-0.07,"Florida","United States"
"Miami Beach",2020-02-23,0.09,"Florida","United States"
"Naples",2020-02-23,0.02,"Florida","United States"
"Orlando",2020-02-23,0.04,"Florida","United States"
"Tampa",2020-02-23,-0.06,"Florida","United States"
"Atlanta",2020-02-23,-0.07,"Georgia","United States"
"Honolulu",2020-02-23,-0.01,"Hawaii","United States"
"Chicago",2020-02-23,0.11,"Illinois","United States"
"Indianapolis",2020-02-23,0.17,"Indiana","United States"
"Louisville",2020-02-23,-0.11,"Kentucky","United States"
"New Orleans",2020-02-23,0.21,"Louisiana","United States"
"Baltimore",2020-02-23,0.16,"Maryland","United States"
"Boston",2020-02-23,0.14,"Massachusetts","United States"
"Minneapolis",2020-02-23,0.33,"Minnesota","United States"
"Las Vegas",2020-02-23,0.07,"Nevada","United States"
"New York",2020-02-23,0.13,"New York","United States"
"Charlotte",2020-02-23,-0.11,"North Carolina","United States"
"Raleigh",2020-02-23,0.01,"North Carolina","United States"
"Cincinnati",2020-02-23,-0.12,"Ohio","United States"
"Columbus",2020-02-23,0.07,"Ohio","United States"
"Portland",2020-02-23,0.22,"Oregon","United States"
"Philadelphia",2020-02-23,0.06,"Pennsylvania","United States"
"Pittsburgh",2020-02-23,-0.04,"Pennsylvania","United States"
"Nashville",2020-02-23,-0.12,"Tennessee","United States"
"Austin",2020-02-23,0.05,"Texas","United States"
"Dallas",2020-02-23,-0.02,"Texas","United States"
"Houston",2020-02-23,-0.1,"Texas","United States"
"San Antonio",2020-02-23,-0.15,"Texas","United States"
"Seattle",2020-02-23,0.12,"Washington","United States"
"Calgary",2020-02-22,0.11,"Alberta","Canada"
"Edmonton",2020-02-22,0.02,"Alberta","Canada"
"Vancouver",2020-02-22,0.07,"British Columbia","Canada"
"Toronto",2020-02-22,-0.04,"Ontario","Canada"
"Montréal",2020-02-22,0.14,"Quebec","Canada"
"Hamburg",2020-02-22,0.06,"","Germany"
"München",2020-02-22,-0.01,"","Germany"
"Dublin",2020-02-22,-0.03,"","Ireland"
"Ciudad de México",2020-02-22,0,"Mexico City","Mexico"
"San Pedro Garza García",2020-02-22,0.1,"Nuevo Leon","Mexico"
"London",2020-02-22,-0.01,"","United Kingdom"
"Phoenix",2020-02-22,0,"Arizona","United States"
"Scottsdale",2020-02-22,-0.05,"Arizona","United States"
"Los Angeles",2020-02-22,0.08,"California","United States"
"San Diego",2020-02-22,-0.12,"California","United States"
"San Francisco",2020-02-22,-0.09,"California","United States"
"Denver",2020-02-22,0.02,"Colorado","United States"
"Washington",2020-02-22,0.09,"District of Columbia","United States"
"Fort Lauderdale",2020-02-22,-0.08,"Florida","United States"
"Miami",2020-02-22,0.05,"Florida","United States"
"Miami Beach",2020-02-22,0.1,"Florida","United States"
"Naples",2020-02-22,0.03,"Florida","United States"
"Orlando",2020-02-22,0.02,"Florida","United States"
"Tampa",2020-02-22,0.11,"Florida","United States"
"Atlanta",2020-02-22,-0.03,"Georgia","United States"
"Honolulu",2020-02-22,0.09,"Hawaii","United States"
"Chicago",2020-02-22,0.07,"Illinois","United States"
"Indianapolis",2020-02-22,0.04,"Indiana","United States"
"Louisville",2020-02-22,0.06,"Kentucky","United States"
"New Orleans",2020-02-22,0.1,"Louisiana","United States"
"Baltimore",2020-02-22,0.12,"Maryland","United States"
"Boston",2020-02-22,-0.02,"Massachusetts","United States"
"Minneapolis",2020-02-22,0.12,"Minnesota","United States"
"Las Vegas",2020-02-22,-0.04,"Nevada","United States"
"New York",2020-02-22,0.03,"New York","United States"
"Charlotte",2020-02-22,0,"North Carolina","United States"
"Raleigh",2020-02-22,0.04,"North Carolina","United States"
"Cincinnati",2020-02-22,-0.08,"Ohio","United States"
"Columbus",2020-02-22,-0.08,"Ohio","United States"
"Portland",2020-02-22,0.06,"Oregon","United States"
"Philadelphia",2020-02-22,0.02,"Pennsylvania","United States"
"Pittsburgh",2020-02-22,-0.04,"Pennsylvania","United States"
"Nashville",2020-02-22,0.1,"Tennessee","United States"
"Austin",2020-02-22,0.02,"Texas","United States"
"Dallas",2020-02-22,-0.03,"Texas","United States"
"Houston",2020-02-22,0.01,"Texas","United States"
"San Antonio",2020-02-22,-0.06,"Texas","United States"
"Seattle",2020-02-22,0.01,"Washington","United States"
"Calgary",2020-02-21,0,"Alberta","Canada"
"Edmonton",2020-02-21,0.04,"Alberta","Canada"
"Vancouver",2020-02-21,0.06,"British Columbia","Canada"
"Toronto",2020-02-21,-0.09,"Ontario","Canada"
"Montréal",2020-02-21,-0.01,"Quebec","Canada"
"Hamburg",2020-02-21,0.12,"","Germany"
"München",2020-02-21,0.1,"","Germany"
"Dublin",2020-02-21,0,"","Ireland"
"Ciudad de México",2020-02-21,-0.03,"Mexico City","Mexico"
"San Pedro Garza García",2020-02-21,0.04,"Nuevo Leon","Mexico"
"London",2020-02-21,0.03,"","United Kingdom"
"Phoenix",2020-02-21,-0.01,"Arizona","United States"
"Scottsdale",2020-02-21,0.06,"Arizona","United States"
"Los Angeles",2020-02-21,0.01,"California","United States"
"San Diego",2020-02-21,-0.01,"California","United States"
"San Francisco",2020-02-21,-0.08,"California","United States"
"Denver",2020-02-21,0.14,"Colorado","United States"
"Washington",2020-02-21,0,"District of Columbia","United States"
"Fort Lauderdale",2020-02-21,-0.14,"Florida","United States"
"Miami",2020-02-21,0.01,"Florida","United States"
"Miami Beach",2020-02-21,0.07,"Florida","United States"
"Naples",2020-02-21,0.07,"Florida","United States"
"Orlando",2020-02-21,-0.07,"Florida","United States"
"Tampa",2020-02-21,-0.04,"Florida","United States"
"Atlanta",2020-02-21,-0.05,"Georgia","United States"
"Honolulu",2020-02-21,0.09,"Hawaii","United States"
"Chicago",2020-02-21,-0.04,"Illinois","United States"
"Indianapolis",2020-02-21,-0.15,"Indiana","United States"
"Louisville",2020-02-21,0,"Kentucky","United States"
"New Orleans",2020-02-21,0.23,"Louisiana","United States"
"Baltimore",2020-02-21,-0.09,"Maryland","United States"
"Boston",2020-02-21,-0.12,"Massachusetts","United States"
"Minneapolis",2020-02-21,-0.15,"Minnesota","United States"
"Las Vegas",2020-02-21,0,"Nevada","United States"
"New York",2020-02-21,0,"New York","United States"
"Charlotte",2020-02-21,-0.01,"North Carolina","United States"
"Raleigh",2020-02-21,-0.09,"North Carolina","United States"
"Cincinnati",2020-02-21,-0.06,"Ohio","United States"
"Columbus",2020-02-21,-0.06,"Ohio","United States"
"Portland",2020-02-21,0.11,"Oregon","United States"
"Philadelphia",2020-02-21,0.01,"Pennsylvania","United States"
"Pittsburgh",2020-02-21,-0.09,"Pennsylvania","United States"
"Nashville",2020-02-21,0.07,"Tennessee","United States"
"Austin",2020-02-21,0.03,"Texas","United States"
"Dallas",2020-02-21,0.03,"Texas","United States"
"Houston",2020-02-21,0.03,"Texas","United States"
"San Antonio",2020-02-21,0.02,"Texas","United States"
"Seattle",2020-02-21,0.01,"Washington","United States"
"Calgary",2020-02-20,0.05,"Alberta","Canada"
"Edmonton",2020-02-20,0.03,"Alberta","Canada"
"Vancouver",2020-02-20,0.07,"British Columbia","Canada"
"Toronto",2020-02-20,-0.09,"Ontario","Canada"
"Montréal",2020-02-20,-0.05,"Quebec","Canada"
"Hamburg",2020-02-20,0.04,"","Germany"
"München",2020-02-20,0.04,"","Germany"
"Dublin",2020-02-20,0.07,"","Ireland"
"Ciudad de México",2020-02-20,-0.02,"Mexico City","Mexico"
"San Pedro Garza García",2020-02-20,-0.05,"Nuevo Leon","Mexico"
"London",2020-02-20,0.02,"","United Kingdom"
"Phoenix",2020-02-20,0.11,"Arizona","United States"
"Scottsdale",2020-02-20,0.05,"Arizona","United States"
"Los Angeles",2020-02-20,0.09,"California","United States"
"San Diego",2020-02-20,0.07,"California","United States"
"San Francisco",2020-02-20,-0.04,"California","United States"
"Denver",2020-02-20,-0.09,"Colorado","United States"
"Washington",2020-02-20,0.09,"District of Columbia","United States"
"Fort Lauderdale",2020-02-20,-0.06,"Florida","United States"
"Miami",2020-02-20,-0.05,"Florida","United States"
"Miami Beach",2020-02-20,0.06,"Florida","United States"
"Naples",2020-02-20,-0.03,"Florida","United States"
"Orlando",2020-02-20,-0.12,"Florida","United States"
"Tampa",2020-02-20,0.02,"Florida","United States"
"Atlanta",2020-02-20,-0.05,"Georgia","United States"
"Honolulu",2020-02-20,0.03,"Hawaii","United States"
"Chicago",2020-02-20,-0.05,"Illinois","United States"
"Indianapolis",2020-02-20,-0.28,"Indiana","United States"
"Louisville",2020-02-20,0.07,"Kentucky","United States"
"New Orleans",2020-02-20,0.14,"Louisiana","United States"
"Baltimore",2020-02-20,0.12,"Maryland","United States"
"Boston",2020-02-20,-0.03,"Massachusetts","United States"
"Minneapolis",2020-02-20,-0.33,"Minnesota","United States"
"Las Vegas",2020-02-20,-0.06,"Nevada","United States"
"New York",2020-02-20,0.03,"New York","United States"
"Charlotte",2020-02-20,-0.27,"North Carolina","United States"
"Raleigh",2020-02-20,-0.49,"North Carolina","United States"
"Cincinnati",2020-02-20,-0.06,"Ohio","United States"
"Columbus",2020-02-20,-0.03,"Ohio","United States"
"Portland",2020-02-20,0.07,"Oregon","United States"
"Philadelphia",2020-02-20,0.11,"Pennsylvania","United States"
"Pittsburgh",2020-02-20,-0.14,"Pennsylvania","United States"
"Nashville",2020-02-20,-0.1,"Tennessee","United States"
"Austin",2020-02-20,0.02,"Texas","United States"
"Dallas",2020-02-20,0.01,"Texas","United States"
"Houston",2020-02-20,-0.03,"Texas","United States"
"San Antonio",2020-02-20,-0.05,"Texas","United States"
"Seattle",2020-02-20,0.06,"Washington","United States"
"Calgary",2020-02-19,0.04,"Alberta","Canada"
"Edmonton",2020-02-19,0.17,"Alberta","Canada"
"Vancouver",2020-02-19,0.01,"British Columbia","Canada"
"Toronto",2020-02-19,-0.08,"Ontario","Canada"
"Montréal",2020-02-19,0.14,"Quebec","Canada"
"Hamburg",2020-02-19,0.12,"","Germany"
"München",2020-02-19,0.14,"","Germany"
"Dublin",2020-02-19,-0.01,"","Ireland"
"Ciudad de México",2020-02-19,-0.09,"Mexico City","Mexico"
"San Pedro Garza García",2020-02-19,-0.12,"Nuevo Leon","Mexico"
"London",2020-02-19,0.01,"","United Kingdom"
"Phoenix",2020-02-19,0,"Arizona","United States"
"Scottsdale",2020-02-19,-0.03,"Arizona","United States"
"Los Angeles",2020-02-19,0.06,"California","United States"
"San Diego",2020-02-19,0.09,"California","United States"
"San Francisco",2020-02-19,-0.11,"California","United States"
"Denver",2020-02-19,-0.12,"Colorado","United States"
"Washington",2020-02-19,0.57,"District of Columbia","United States"
"Fort Lauderdale",2020-02-19,-0.04,"Florida","United States"
"Miami",2020-02-19,-0.08,"Florida","United States"
"Miami Beach",2020-02-19,-0.02,"Florida","United States"
"Naples",2020-02-19,-0.05,"Florida","United States"
"Orlando",2020-02-19,-0.03,"Florida","United States"
"Tampa",2020-02-19,0.05,"Florida","United States"
"Atlanta",2020-02-19,0.09,"Georgia","United States"
"Honolulu",2020-02-19,0.01,"Hawaii","United States"
"Chicago",2020-02-19,-0.03,"Illinois","United States"
"Indianapolis",2020-02-19,0.14,"Indiana","United States"
"Louisville",2020-02-19,0.11,"Kentucky","United States"
"New Orleans",2020-02-19,0.01,"Louisiana","United States"
"Baltimore",2020-02-19,0.42,"Maryland","United States"
"Boston",2020-02-19,0.15,"Massachusetts","United States"
"Minneapolis",2020-02-19,0.27,"Minnesota","United States"
"Las Vegas",2020-02-19,-0.19,"Nevada","United States"
"New York",2020-02-19,0.11,"New York","United States"
"Charlotte",2020-02-19,-0.03,"North Carolina","United States"
"Raleigh",2020-02-19,0.1,"North Carolina","United States"
"Cincinnati",2020-02-19,0.01,"Ohio","United States"
"Columbus",2020-02-19,0,"Ohio","United States"
"Portland",2020-02-19,-0.04,"Oregon","United States"
"Philadelphia",2020-02-19,0.55,"Pennsylvania","United States"
"Pittsburgh",2020-02-19,0.24,"Pennsylvania","United States"
"Nashville",2020-02-19,0.07,"Tennessee","United States"
"Austin",2020-02-19,-0.06,"Texas","United States"
"Dallas",2020-02-19,-0.04,"Texas","United States"
"Houston",2020-02-19,-0.08,"Texas","United States"
"San Antonio",2020-02-19,-0.04,"Texas","United States"
"Seattle",2020-02-19,0.11,"Washington","United States"
"Calgary",2020-02-18,0,"Alberta","Canada"
"Edmonton",2020-02-18,0.08,"Alberta","Canada"
"Vancouver",2020-02-18,0.09,"British Columbia","Canada"
"Toronto",2020-02-18,-0.14,"Ontario","Canada"
"Montréal",2020-02-18,0.16,"Quebec","Canada"
"Hamburg",2020-02-18,0.13,"","Germany"
"München",2020-02-18,0.08,"","Germany"
"Dublin",2020-02-18,-0.05,"","Ireland"
"Ciudad de México",2020-02-18,-0.08,"Mexico City","Mexico"
"San Pedro Garza García",2020-02-18,-0.09,"Nuevo Leon","Mexico"
"London",2020-02-18,0.04,"","United Kingdom"
"Phoenix",2020-02-18,-0.04,"Arizona","United States"
"Scottsdale",2020-02-18,-0.03,"Arizona","United States"
"Los Angeles",2020-02-18,0.07,"California","United States"
"San Diego",2020-02-18,-0.01,"California","United States"
"San Francisco",2020-02-18,-0.15,"California","United States"
"Denver",2020-02-18,-0.01,"Colorado","United States"
"Washington",2020-02-18,-0.05,"District of Columbia","United States"
"Fort Lauderdale",2020-02-18,-0.08,"Florida","United States"
"Miami",2020-02-18,0,"Florida","United States"
"Miami Beach",2020-02-18,0.19,"Florida","United States"
"Naples",2020-02-18,-0.02,"Florida","United States"
"Orlando",2020-02-18,-0.06,"Florida","United States"
"Tampa",2020-02-18,0.07,"Florida","United States"
"Atlanta",2020-02-18,0.06,"Georgia","United States"
"Honolulu",2020-02-18,-0.03,"Hawaii","United States"
"Chicago",2020-02-18,-0.07,"Illinois","United States"
"Indianapolis",2020-02-18,0.52,"Indiana","United States"
"Louisville",2020-02-18,0.28,"Kentucky","United States"
"New Orleans",2020-02-18,-0.09,"Louisiana","United States"
"Baltimore",2020-02-18,0.1,"Maryland","United States"
"Boston",2020-02-18,0.05,"Massachusetts","United States"
"Minneapolis",2020-02-18,-0.14,"Minnesota","United States"
"Las Vegas",2020-02-18,-0.22,"Nevada","United States"
"New York",2020-02-18,0.01,"New York","United States"
"Charlotte",2020-02-18,0.01,"North Carolina","United States"
"Raleigh",2020-02-18,0.07,"North Carolina","United States"
"Cincinnati",2020-02-18,0.07,"Ohio","United States"
"Columbus",2020-02-18,-0.1,"Ohio","United States"
"Portland",2020-02-18,0.01,"Oregon","United States"
"Philadelphia",2020-02-18,0.1,"Pennsylvania","United States"
"Pittsburgh",2020-02-18,0.1,"Pennsylvania","United States"
"Nashville",2020-02-18,0.13,"Tennessee","United States"
"Austin",2020-02-18,0,"Texas","United States"
"Dallas",2020-02-18,0.06,"Texas","United States"
"Houston",2020-02-18,-0.02,"Texas","United States"
"San Antonio",2020-02-18,-0.06,"Texas","United States"
"Seattle",2020-02-18,0.08,"Washington","United States"
